,anime_genres,anime_broadcast,anime_licensors,anime_favorites,anime_popularity,anime_score
0,"['Genres: Action, Supernatural']",['Broadcast: Thursdays at 08:00 (JST)'],['Licensors: Maiden Japan'],['Favorites: 174'],['Popularity: #1889'],"['Score: 6.901 (scored by 46,286 users)']"
1,"['Genres: Adventure, Sci-Fi, Sports']",['Broadcast: Fridays at 18:30 (JST)'],"['Licensors: Discotek Media, Geneon Entertainment USA']",['Favorites: 33'],['Popularity: #6137'],"['Score: 6.911 (scored by 3,234 users)']"
2,[],[],"['Licensors: None found, add some']",['Favorites: 6'],['Popularity: #10860'],"['Score: 6.901 (scored by 1,063 users)']"
3,"['Genres: Action, Drama, Sci-Fi']",[],['Licensors: Sentai Filmworks'],['Favorites: 14'],['Popularity: #5463'],"['Score: 6.901 (scored by 4,370 users)']"
4,[],[],"['Licensors: None found, add some']",['Favorites: 2'],['Popularity: #10807'],['Score: 6.901 (scored by 995 users)']
5,"['Genres: Adventure, Comedy, Sci-Fi']",[],"['Licensors: None found, add some']",['Favorites: 0'],['Popularity: #9457'],"['Score: 6.901 (scored by 1,289 users)']"
6,[],[],"['Licensors: None found, add some']",['Favorites: 3'],['Popularity: #10940'],['Score: 6.901 (scored by 504 users)']
7,[],[],"['Licensors: None found, add some']",['Favorites: 8'],['Popularity: #6395'],"['Score: 6.901 (scored by 1,825 users)']"
8,"['Genres: Action, Adventure, Fantasy']",['Broadcast: Unknown'],['Licensors: Saban Entertainment'],['Favorites: 17'],['Popularity: #7191'],"['Score: 6.911 (scored by 1,513 users)']"
9,"['Genres: Comedy, Ecchi']",[],['Licensors: Sentai Filmworks'],['Favorites: 20'],['Popularity: #3421'],"['Score: 6.891 (scored by 15,865 users)']"
10,[],['Broadcast: Unknown'],"['Licensors: None found, add some']",['Favorites: 35'],['Popularity: #7052'],"['Score: 6.901 (scored by 3,394 users)']"
11,[],[],"['Licensors: None found, add some']",['Favorites: 1'],['Popularity: #8233'],"['Score: 6.901 (scored by 1,256 users)']"
12,"['Genres: Boys Love, Comedy']",[],['Licensors: Nozomi Entertainment'],['Favorites: 75'],['Popularity: #3579'],"['Score: 6.901 (scored by 18,010 users)']"
13,[],[],"['Licensors: None found, add some']",['Favorites: 2'],['Popularity: #12499'],['Score: 6.901 (scored by 426 users)']
14,[],[],['Licensors: Funimation'],['Favorites: 256'],['Popularity: #2627'],"['Score: 6.901 (scored by 18,316 users)']"
15,"['Genres: Adventure, Fantasy, Romance']",[],"['Licensors: None found, add some']",['Favorites: 45'],['Popularity: #4115'],"['Score: 6.901 (scored by 8,806 users)']"
16,"['Genres: Action, Mystery, Sci-Fi, Suspense']",[],['Licensors: Funimation'],['Favorites: 154'],['Popularity: #2304'],"['Score: 6.901 (scored by 34,204 users)']"
17,"['Genres: Comedy, Fantasy']",['Broadcast: Saturdays at 07:00 (JST)'],"['Licensors: None found, add some']",['Favorites: 12'],['Popularity: #9460'],['Score: 6.901 (scored by 725 users)']
18,"['Genres: Drama, Romance']",[],"['Licensors: None found, add some']",['Favorites: 33'],['Popularity: #3809'],"['Score: 6.901 (scored by 14,660 users)']"
19,"['Genres: Action, Comedy, Sci-Fi, Sports']",['Broadcast: Wednesdays at 18:00 (JST)'],"['Licensors: 4Kids Entertainment, Discotek Media']",['Favorites: 56'],['Popularity: #4884'],"['Score: 6.901 (scored by 8,426 users)']"
20,"['Genres: Comedy, Slice of Life']",[],['Licensors: Sentai Filmworks'],['Favorites: 1'],['Popularity: #6215'],"['Score: 6.901 (scored by 4,902 users)']"
21,"['Genres: Action, Adventure, Comedy']",[],"['Licensors: None found, add some']",['Favorites: 5'],['Popularity: #10611'],['Score: 6.901 (scored by 373 users)']
22,"['Genres: Drama, Romance, Slice of Life']",[],"['Licensors: None found, add some']",['Favorites: 4'],['Popularity: #9564'],['Score: 6.901 (scored by 736 users)']
23,"['Genres: Comedy, Girls Love']",['Broadcast: Fridays at 23:00 (JST)'],"['Licensors: None found, add some']",['Favorites: 181'],['Popularity: #1713'],"['Score: 6.891 (scored by 48,336 users)']"
24,[],['Broadcast: Mondays at 23:30 (JST)'],"['Licensors: None found, add some']",['Favorites: 12'],['Popularity: #10335'],['Score: 6.891 (scored by 627 users)']
25,[],[],['Licensors: Sentai Filmworks'],['Favorites: 6'],['Popularity: #7319'],"['Score: 6.891 (scored by 3,061 users)']"
26,"['Genres: Drama, Mystery, Romance, Supernatural']",['Broadcast: Unknown'],['Licensors: VIZ Media'],"['Favorites: 7,227']",['Popularity: #335'],"['Score: 6.891 (scored by 341,130 users)']"
27,"['Genres: Comedy, Slice of Life']",['Broadcast: Fridays at 23:17 (JST)'],['Licensors: Sentai Filmworks'],['Favorites: 66'],['Popularity: #3101'],"['Score: 6.891 (scored by 18,396 users)']"
28,"['Genres: Drama, Romance']",['Broadcast: Sundays at 01:30 (JST)'],"['Licensors: None found, add some']","['Favorites: 1,227']",['Popularity: #741'],"['Score: 6.891 (scored by 133,902 users)']"
29,"['Genres: Adventure, Comedy, Fantasy']",[],"['Licensors: None found, add some']",['Favorites: 103'],['Popularity: #2810'],"['Score: 6.891 (scored by 28,633 users)']"
30,"['Genres: Comedy, Ecchi']",[],['Licensors: Media Blasters'],['Favorites: 119'],['Popularity: #2035'],"['Score: 6.891 (scored by 42,276 users)']"
31,"['Genres: Action, Mystery, Sci-Fi']",[],"['Licensors: None found, add some']",['Favorites: 31'],['Popularity: #6208'],"['Score: 6.891 (scored by 3,019 users)']"
32,[],['Broadcast: Unknown'],"['Licensors: None found, add some']",['Favorites: 12'],['Popularity: #7031'],"['Score: 6.891 (scored by 2,359 users)']"
33,"['Genres: Slice of Life, Supernatural']",[],"['Licensors: None found, add some']",['Favorites: 35'],['Popularity: #3136'],"['Score: 6.891 (scored by 14,981 users)']"
34,"['Genres: Comedy, Supernatural']",['Broadcast: Saturdays at 17:30 (JST)'],['Licensors: Sentai Filmworks'],['Favorites: 135'],['Popularity: #2072'],"['Score: 6.891 (scored by 31,791 users)']"
35,"['Genres: Action, Adventure, Comedy, Mystery']",[],['Licensors: Discotek Media'],['Favorites: 5'],['Popularity: #7005'],"['Score: 6.891 (scored by 2,757 users)']"
36,[],[],['Licensors: Bandai Entertainment'],['Favorites: 15'],['Popularity: #5506'],"['Score: 6.891 (scored by 5,609 users)']"
37,"['Genres: Mystery, Slice of Life']",['Broadcast: Tuesdays at 01:20 (JST)'],"['Licensors: None found, add some']",['Favorites: 61'],['Popularity: #5592'],"['Score: 6.891 (scored by 4,379 users)']"
38,"['Genres: Action, Drama']",['Broadcast: Sundays at 00:55 (JST)'],"['Licensors: None found, add some']",['Favorites: 2'],['Popularity: #12739'],['Score: 6.891 (scored by 215 users)']
39,[],[],"['Licensors: None found, add some']",['Favorites: 28'],['Popularity: #5324'],"['Score: 6.891 (scored by 6,119 users)']"
40,"['Genres: Comedy, Slice of Life']",['Broadcast: Unknown'],"['Licensors: None found, add some']",['Favorites: 32'],['Popularity: #5825'],"['Score: 6.901 (scored by 6,532 users)']"
41,[],[],"['Licensors: None found, add some']",['Favorites: 39'],['Popularity: #8953'],"['Score: 6.891 (scored by 1,588 users)']"
42,"['Genres: Adventure, Comedy, Drama, Fantasy']",[],"['Licensors: 4Kids Entertainment, Miramax Films']",['Favorites: 63'],['Popularity: #1400'],"['Score: 6.891 (scored by 93,905 users)']"
43,"['Genres: Action, Sci-Fi']",[],['Licensors: GKIDS'],['Favorites: 10'],['Popularity: #3970'],"['Score: 6.891 (scored by 13,468 users)']"
44,[],[],"['Licensors: None found, add some']",['Favorites: 24'],['Popularity: #4235'],"['Score: 6.891 (scored by 8,885 users)']"
45,"['Genres: Action, Supernatural']",['Broadcast: Tuesdays at 23:00 (JST)'],['Licensors: Funimation'],"['Favorites: 1,277']",['Popularity: #804'],"['Score: 6.891 (scored by 110,957 users)']"
46,"['Genres: Adventure, Comedy, Supernatural']",['Broadcast: Thursdays at 17:55 (JST)'],"['Licensors: None found, add some']","['Favorites: 1,611']",['Popularity: #895'],"['Score: 6.891 (scored by 62,366 users)']"
47,"['Genres: Drama, Romance, Sports']",['Broadcast: Unknown'],"['Licensors: None found, add some']",['Favorites: 5'],['Popularity: #9593'],['Score: 6.891 (scored by 523 users)']
48,"['Genres: Action, Fantasy, Supernatural, Ecchi']",[],"['Licensors: None found, add some']",['Favorites: 154'],['Popularity: #3690'],"['Score: 6.891 (scored by 5,149 users)']"
49,[],['Broadcast: Sundays at 02:20 (JST)'],"['Licensors: None found, add some']",['Favorites: 15'],['Popularity: #8444'],"['Score: 6.891 (scored by 1,332 users)']"
50,[],[],"['Licensors: None found, add some']",['Favorites: 34'],['Popularity: #3300'],"['Score: 6.891 (scored by 15,558 users)']"
51,"['Genres: Action, Drama']",[],['Licensors: Funimation'],['Favorites: 30'],['Popularity: #2784'],"['Score: 6.891 (scored by 27,221 users)']"
52,"['Genres: Comedy, Supernatural']",['Broadcast: Mondays at 19:00 (JST)'],['Licensors: Geneon Entertainment USA'],['Favorites: 27'],['Popularity: #4301'],"['Score: 6.891 (scored by 9,822 users)']"
53,"['Genres: Drama, Romance, Sports']",[],['Licensors: Discotek Media'],['Favorites: 11'],['Popularity: #8419'],"['Score: 6.891 (scored by 1,654 users)']"
54,"['Genres: Action, Fantasy, Supernatural']",['Broadcast: Saturdays at 02:30 (JST)'],"['Licensors: None found, add some']",['Favorites: 124'],['Popularity: #2654'],"['Score: 6.891 (scored by 25,785 users)']"
55,"['Genres: Comedy, Sports']",['Broadcast: Sundays at 23:30 (JST)'],"['Licensors: None found, add some']",['Favorites: 83'],['Popularity: #3138'],"['Score: 6.891 (scored by 15,856 users)']"
56,[],[],"['Licensors: None found, add some']",['Favorites: 50'],['Popularity: #5376'],"['Score: 6.891 (scored by 4,494 users)']"
57,"['Genres: Drama, Sports']",['Broadcast: Sundays at 19:00 (JST)'],"['Licensors: None found, add some']",['Favorites: 44'],['Popularity: #6228'],"['Score: 6.891 (scored by 3,490 users)']"
58,"['Genres: Action, Sci-Fi']",['Broadcast: Unknown'],['Licensors: Funimation'],['Favorites: 214'],['Popularity: #2133'],"['Score: 6.891 (scored by 29,096 users)']"
59,"['Genres: Action, Comedy, Ecchi']",['Broadcast: Wednesdays at 23:00 (JST)'],['Licensors: Sentai Filmworks'],['Favorites: 929'],['Popularity: #581'],"['Score: 6.891 (scored by 193,527 users)']"
60,"['Genres: Fantasy, Romance']",[],"['Licensors: None found, add some']",['Favorites: 37'],['Popularity: #9838'],['Score: 6.891 (scored by 371 users)']
61,"['Genres: Adventure, Comedy, Sci-Fi']",[],"['Licensors: None found, add some']",['Favorites: 19'],['Popularity: #9974'],['Score: 6.891 (scored by 502 users)']
62,"['Genres: Comedy, Fantasy']",[],"['Licensors: None found, add some']",['Favorites: 1'],['Popularity: #9867'],"['Score: 6.891 (scored by 1,117 users)']"
63,"['Genres: Adventure, Fantasy']",[],"['Licensors: None found, add some']",['Favorites: 7'],['Popularity: #8096'],"['Score: 6.891 (scored by 1,498 users)']"
64,"['Genres: Action, Drama, Sci-Fi']",[],"['Licensors: None found, add some']",['Favorites: 67'],['Popularity: #1935'],"['Score: 6.891 (scored by 50,404 users)']"
65,"['Genres: Action, Adventure']",[],"['Licensors: None found, add some']",['Favorites: 7'],['Popularity: #7111'],"['Score: 6.891 (scored by 1,518 users)']"
66,[],[],"['Licensors: None found, add some']",['Favorites: 34'],['Popularity: #4296'],"['Score: 6.891 (scored by 7,608 users)']"
67,"['Genres: Comedy, Romance, Supernatural, Ecchi']",[],"['Licensors: None found, add some']",['Favorites: 4'],['Popularity: #4473'],"['Score: 6.891 (scored by 9,586 users)']"
68,"['Genres: Comedy, Drama, Mystery']",['Broadcast: Saturdays at 01:55 (JST)'],['Licensors: Funimation'],['Favorites: 188'],['Popularity: #2150'],"['Score: 6.891 (scored by 23,945 users)']"
69,"['Genres: Comedy, Supernatural']",[],['Licensors: Sentai Filmworks'],['Favorites: 57'],['Popularity: #2512'],"['Score: 6.891 (scored by 30,727 users)']"
70,[],[],"['Licensors: None found, add some']",['Favorites: 2'],['Popularity: #14348'],['Score: 6.891 (scored by 309 users)']
71,"['Genres: Fantasy, Romance']",[],['Licensors: Discotek Media'],['Favorites: 30'],['Popularity: #7594'],"['Score: 6.881 (scored by 2,418 users)']"
72,"['Genres: Action, Adventure, Drama, Fantasy']",[],['Licensors: Central Park Media'],['Favorites: 79'],['Popularity: #4393'],"['Score: 6.881 (scored by 5,993 users)']"
73,"['Genres: Award Winning, Horror, Supernatural']",[],['Licensors: Manga Entertainment'],['Favorites: 240'],['Popularity: #1809'],"['Score: 6.881 (scored by 57,542 users)']"
74,[],['Broadcast: Fridays at 01:30 (JST)'],['Licensors: Sentai Filmworks'],['Favorites: 21'],['Popularity: #8838'],"['Score: 6.881 (scored by 1,045 users)']"
75,"['Genres: Comedy, Slice of Life']",[],['Licensors: Sentai Filmworks'],['Favorites: 2'],['Popularity: #7127'],"['Score: 6.881 (scored by 2,450 users)']"
76,[],[],"['Licensors: None found, add some']",['Favorites: 6'],['Popularity: #11754'],['Score: 6.881 (scored by 491 users)']
77,[],[],"['Licensors: None found, add some']",['Favorites: 3'],['Popularity: #8214'],"['Score: 6.881 (scored by 2,541 users)']"
78,"['Genres: Action, Fantasy']",[],"['Licensors: None found, add some']",['Favorites: 31'],['Popularity: #9625'],['Score: 6.881 (scored by 625 users)']
79,"['Genres: Action, Adventure, Fantasy']",['Broadcast: Unknown'],"['Licensors: None found, add some']",['Favorites: 75'],['Popularity: #2307'],"['Score: 6.881 (scored by 32,606 users)']"
80,"['Genres: Comedy, Sci-Fi']",[],['Licensors: Central Park Media'],['Favorites: 57'],['Popularity: #4842'],"['Score: 6.881 (scored by 6,975 users)']"
81,"['Genres: Adventure, Comedy, Fantasy, Ecchi']",[],['Licensors: Sentai Filmworks'],['Favorites: 205'],['Popularity: #2406'],"['Score: 6.881 (scored by 26,139 users)']"
82,"['Genres: Comedy, Slice of Life']",['Broadcast: Fridays at 02:16 (JST)'],['Licensors: Sentai Filmworks'],['Favorites: 74'],['Popularity: #3019'],"['Score: 6.881 (scored by 16,730 users)']"
83,"['Genres: Comedy, Slice of Life']",[],"['Licensors: None found, add some']",['Favorites: 3'],['Popularity: #5898'],"['Score: 6.881 (scored by 5,426 users)']"
84,"['Genres: Comedy, Fantasy']",['Broadcast: Unknown'],"['Licensors: None found, add some']",['Favorites: 24'],['Popularity: #9728'],"['Score: 6.871 (scored by 1,280 users)']"
85,"['Genres: Action, Adventure, Comedy, Drama, Sci-Fi']",['Broadcast: Tuesdays at 02:55 (JST)'],['Licensors: ADV Films'],['Favorites: 29'],['Popularity: #6081'],"['Score: 6.881 (scored by 3,425 users)']"
86,"['Genres: Action, Adventure, Comedy, Fantasy']",['Broadcast: Saturdays at 19:30 (JST)'],['Licensors: 4Kids Entertainment'],['Favorites: 297'],['Popularity: #3655'],"['Score: 6.881 (scored by 15,652 users)']"
87,"['Genres: Comedy, Sci-Fi']",[],"['Licensors: None found, add some']",['Favorites: 9'],['Popularity: #8382'],"['Score: 6.881 (scored by 2,132 users)']"
88,"['Genres: Comedy, Slice of Life']",[],['Licensors: iQIYI'],['Favorites: 17'],['Popularity: #10024'],['Score: 6.881 (scored by 620 users)']
89,"['Genres: Fantasy, Mystery']",[],['Licensors: Sentai Filmworks'],['Favorites: 21'],['Popularity: #3822'],"['Score: 6.881 (scored by 14,684 users)']"
90,"['Genres: Action, Award Winning, Drama, Sci-Fi']",[],"['Licensors: VIZ Media, Discotek Media']",['Favorites: 122'],['Popularity: #4306'],"['Score: 6.891 (scored by 5,230 users)']"
91,[],[],"['Licensors: None found, add some']",['Favorites: 3'],['Popularity: #13735'],['Score: 6.881 (scored by 324 users)']
92,"['Genres: Adventure, Comedy']",['Broadcast: Unknown'],"['Licensors: None found, add some']",['Favorites: 23'],['Popularity: #6939'],"['Score: 6.881 (scored by 3,848 users)']"
93,"['Genres: Action, Adventure, Comedy, Sci-Fi, Ecchi']",[],['Licensors: Funimation'],['Favorites: 3'],['Popularity: #6660'],"['Score: 6.881 (scored by 2,773 users)']"
94,"['Genres: Drama, Slice of Life']",['Broadcast: Unknown'],"['Licensors: None found, add some']",['Favorites: 8'],['Popularity: #9452'],['Score: 6.881 (scored by 802 users)']
95,[],[],"['Licensors: None found, add some']",['Favorites: 2'],['Popularity: #9118'],"['Score: 6.881 (scored by 1,594 users)']"
96,[],['Broadcast: Fridays at 20:30 (JST)'],['Licensors: Funimation'],['Favorites: 293'],['Popularity: #2120'],"['Score: 6.881 (scored by 31,153 users)']"
97,"['Genres: Comedy, Sci-Fi']",[],['Licensors: Bandai Entertainment'],['Favorites: 11'],['Popularity: #5426'],"['Score: 6.881 (scored by 4,625 users)']"
98,"['Genres: Action, Drama, Horror, Romance, Sci-Fi']",['Broadcast: Tuesdays at 22:00 (JST)'],['Licensors: Mill Creek Entertainment'],['Favorites: 304'],['Popularity: #1955'],"['Score: 6.881 (scored by 31,530 users)']"
99,"['Genres: Comedy, Ecchi']",[],"['Licensors: None found, add some']",['Favorites: 1'],['Popularity: #7037'],"['Score: 6.881 (scored by 2,949 users)']"
100,"['Genres: Action, Comedy, Sci-Fi']",[],"['Licensors: VIZ Media, NYAV Post']",['Favorites: 22'],['Popularity: #6461'],"['Score: 6.881 (scored by 3,448 users)']"
101,"['Genres: Drama, Sports']",['Broadcast: Mondays at 22:55 (JST)'],"['Licensors: None found, add some']",['Favorites: 20'],['Popularity: #4335'],"['Score: 6.881 (scored by 8,797 users)']"
102,"['Genres: Comedy, Drama']",['Broadcast: Sundays at 22:00 (JST)'],['Licensors: Funimation'],['Favorites: 563'],['Popularity: #1595'],"['Score: 6.881 (scored by 51,706 users)']"
103,"['Genres: Action, Supernatural']",['Broadcast: Thursdays at 00:00 (JST)'],"['Licensors: None found, add some']","['Favorites: 1,119']",['Popularity: #810'],"['Score: 6.881 (scored by 113,504 users)']"
104,"['Genres: Action, Adventure, Fantasy']",[],"['Licensors: None found, add some']",['Favorites: 33'],['Popularity: #2172'],"['Score: 6.881 (scored by 45,202 users)']"
105,[],[],"['Licensors: None found, add some']",['Favorites: 22'],['Popularity: #4388'],"['Score: 6.881 (scored by 5,939 users)']"
106,[],[],"['Licensors: None found, add some']",['Favorites: 4'],['Popularity: #12812'],['Score: 6.881 (scored by 227 users)']
107,[],[],"['Licensors: None found, add some']",['Favorites: 8'],['Popularity: #13341'],['Score: 6.881 (scored by 404 users)']
108,"['Genres: Action, Adventure, Fantasy']",[],['Licensors: The Pokemon Company International'],['Favorites: 31'],['Popularity: #2066'],"['Score: 6.881 (scored by 52,971 users)']"
109,[],[],"['Licensors: None found, add some']",['Favorites: 2'],['Popularity: #9790'],['Score: 6.891 (scored by 799 users)']
110,"['Genres: Action, Adventure, Fantasy']",['Broadcast: Saturdays at 17:35 (JST)'],['Licensors: Funimation'],['Favorites: 414'],['Popularity: #1084'],"['Score: 6.881 (scored by 74,885 users)']"
111,"['Genres: Comedy, Ecchi']",[],"['Licensors: None found, add some']",['Favorites: 3'],['Popularity: #6731'],"['Score: 6.881 (scored by 3,418 users)']"
112,"['Genres: Action, Comedy']",['Broadcast: Fridays at 01:20 (JST)'],['Licensors: Aniplex of America'],['Favorites: 861'],['Popularity: #1558'],"['Score: 6.881 (scored by 47,007 users)']"
113,"['Genres: Comedy, Fantasy, Slice of Life']",[],"['Licensors: None found, add some']",['Favorites: 12'],['Popularity: #5936'],"['Score: 6.881 (scored by 4,387 users)']"
114,[],[],"['Licensors: None found, add some']",['Favorites: 3'],['Popularity: #13175'],['Score: 6.881 (scored by 446 users)']
115,"['Genres: Drama, Sci-Fi']",[],"['Licensors: None found, add some']",['Favorites: 6'],['Popularity: #8820'],"['Score: 6.881 (scored by 1,461 users)']"
116,[],['Broadcast: Tuesdays at 00:00 (JST)'],['Licensors: Funimation'],['Favorites: 247'],['Popularity: #3036'],"['Score: 6.881 (scored by 16,271 users)']"
117,"['Genres: Action, Mystery']",[],"['Licensors: None found, add some']",['Favorites: 65'],['Popularity: #3944'],"['Score: 6.881 (scored by 10,721 users)']"
118,"['Genres: Action, Adventure, Fantasy']",[],"['Licensors: None found, add some']",['Favorites: 59'],['Popularity: #3756'],"['Score: 6.881 (scored by 9,449 users)']"
119,"['Genres: Action, Comedy, Ecchi']",['Broadcast: Unknown'],"['Licensors: Discotek Media, Geneon Entertainment USA']",['Favorites: 592'],['Popularity: #1165'],"['Score: 6.881 (scored by 88,382 users)']"
120,[],[],"['Licensors: None found, add some']",['Favorites: 18'],['Popularity: #7664'],"['Score: 6.881 (scored by 2,288 users)']"
121,"['Genres: Drama, Supernatural']",[],"['Licensors: None found, add some']",['Favorites: 3'],['Popularity: #8622'],"['Score: 6.881 (scored by 1,244 users)']"
122,[],[],"['Licensors: None found, add some']",['Favorites: 1'],['Popularity: #8308'],"['Score: 6.881 (scored by 1,539 users)']"
123,"['Genres: Drama, Sci-Fi, Slice of Life']",[],"['Licensors: None found, add some']",['Favorites: 2'],['Popularity: #5888'],"['Score: 6.871 (scored by 5,633 users)']"
124,[],[],"['Licensors: None found, add some']",['Favorites: 8'],['Popularity: #6865'],"['Score: 6.871 (scored by 2,285 users)']"
125,"['Genres: Comedy, Romance']",[],"['Licensors: None found, add some']",['Favorites: 17'],['Popularity: #8270'],['Score: 6.871 (scored by 981 users)']
126,"['Genres: Action, Adventure, Fantasy']",[],['Licensors: VIZ Media'],['Favorites: 162'],['Popularity: #954'],"['Score: 6.881 (scored by 131,382 users)']"
127,"['Genres: Adventure, Fantasy']",[],"['Licensors: None found, add some']",['Favorites: 6'],['Popularity: #7695'],"['Score: 6.871 (scored by 1,882 users)']"
128,"['Genres: Adventure, Comedy, Fantasy']",['Broadcast: Unknown'],['Licensors: 4Kids Entertainment'],['Favorites: 16'],['Popularity: #3697'],"['Score: 6.871 (scored by 15,414 users)']"
129,"['Genres: Adventure, Fantasy']",['Broadcast: Unknown'],"['Licensors: None found, add some']",['Favorites: 2'],['Popularity: #10417'],['Score: 6.871 (scored by 638 users)']
130,"['Genres: Comedy, Fantasy']",['Broadcast: Sundays at 00:00 (JST)'],"['Licensors: None found, add some']",['Favorites: 59'],['Popularity: #3052'],"['Score: 6.871 (scored by 17,961 users)']"
131,"['Genres: Action, Adventure, Sci-Fi']",[],"['Licensors: None found, add some']",['Favorites: 3'],['Popularity: #7820'],"['Score: 6.871 (scored by 1,161 users)']"
132,[],[],['Licensors: Funimation'],['Favorites: 3'],['Popularity: #4160'],"['Score: 6.871 (scored by 10,653 users)']"
133,"['Genres: Comedy, Romance, Sci-Fi']",['Broadcast: Tuesdays at 18:00 (JST)'],"['Licensors: Funimation, Geneon Entertainment USA']",['Favorites: 83'],['Popularity: #3412'],"['Score: 6.871 (scored by 17,496 users)']"
134,"['Genres: Action, Drama, Sci-Fi']",[],"['Licensors: None found, add some']",['Favorites: 1'],['Popularity: #9240'],"['Score: 6.871 (scored by 1,269 users)']"
135,"['Genres: Adventure, Drama, Fantasy, Sci-Fi']",['Broadcast: Thursdays at 01:30 (JST)'],"['Licensors: Funimation, Bandai Entertainment']",['Favorites: 231'],['Popularity: #2295'],"['Score: 6.871 (scored by 34,535 users)']"
136,[],[],"['Licensors: None found, add some']",['Favorites: 2'],['Popularity: #13130'],['Score: 6.881 (scored by 481 users)']
137,"['Genres: Avant Garde, Award Winning, Comedy']",[],"['Licensors: None found, add some']",['Favorites: 5'],['Popularity: #13414'],['Score: 6.871 (scored by 293 users)']
138,[],['Broadcast: Mondays at 18:00 (JST)'],"['Licensors: None found, add some']",['Favorites: 49'],['Popularity: #5755'],"['Score: 6.871 (scored by 5,784 users)']"
139,[],[],"['Licensors: None found, add some']",['Favorites: 5'],['Popularity: #9393'],"['Score: 6.871 (scored by 1,487 users)']"
140,"['Genres: Fantasy, Sports']",[],"['Licensors: None found, add some']",['Favorites: 12'],['Popularity: #11465'],['Score: 6.861 (scored by 594 users)']
141,"['Genres: Award Winning, Drama, Fantasy']",[],"['Licensors: None found, add some']",['Favorites: 22'],['Popularity: #5186'],"['Score: 6.871 (scored by 5,204 users)']"
142,"['Genres: Adventure, Sci-Fi']",[],"['Licensors: None found, add some']",['Favorites: 98'],['Popularity: #3515'],"['Score: 6.871 (scored by 13,297 users)']"
143,"['Genres: Drama, Romance, Ecchi']",['Broadcast: Unknown'],"['Licensors: None found, add some']",['Favorites: 39'],['Popularity: #3397'],"['Score: 6.871 (scored by 15,913 users)']"
144,"['Genres: Comedy, Romance']",['Broadcast: Saturdays at 17:30 (JST)'],['Licensors: Funimation'],['Favorites: 303'],['Popularity: #1380'],"['Score: 6.871 (scored by 67,539 users)']"
145,"['Genres: Action, Adventure, Comedy, Fantasy']",['Broadcast: Sundays at 09:00 (JST)'],"['Licensors: None found, add some']",['Favorites: 150'],['Popularity: #4481'],"['Score: 6.871 (scored by 3,907 users)']"
146,"['Genres: Action, Adventure, Fantasy']",['Broadcast: Unknown'],"['Licensors: None found, add some']",['Favorites: 553'],['Popularity: #1158'],"['Score: 6.871 (scored by 84,675 users)']"
147,"['Genres: Comedy, Drama, Romance, Sci-Fi']",[],['Licensors: Geneon Entertainment USA'],['Favorites: 8'],['Popularity: #7612'],"['Score: 6.871 (scored by 2,828 users)']"
148,"['Genres: Action, Comedy, Romance']",['Broadcast: Sundays at 00:30 (JST)'],['Licensors: Aniplex of America'],"['Favorites: 1,107']",['Popularity: #1108'],"['Score: 6.871 (scored by 68,348 users)']"
149,"['Genres: Comedy, Fantasy, Romance']",[],"['Licensors: None found, add some']",['Favorites: 15'],['Popularity: #3901'],"['Score: 6.871 (scored by 13,566 users)']"
150,[],[],"['Licensors: None found, add some']",['Favorites: 1'],['Popularity: #7004'],"['Score: 6.871 (scored by 1,591 users)']"
151,[],[],"['Licensors: None found, add some']",['Favorites: 12'],['Popularity: #9859'],['Score: 6.871 (scored by 747 users)']
152,"['Genres: Drama, Mystery, Sci-Fi']",['Broadcast: Sundays at 22:00 (JST)'],['Licensors: Sentai Filmworks'],"['Favorites: 1,110']",['Popularity: #649'],"['Score: 6.871 (scored by 162,768 users)']"
153,"['Genres: Comedy, Romance']",[],"['Licensors: None found, add some']",['Favorites: 28'],['Popularity: #5412'],"['Score: 6.871 (scored by 4,396 users)']"
154,"['Genres: Horror, Supernatural']",['Broadcast: Fridays at 00:45 (JST)'],"['Licensors: None found, add some']",['Favorites: 42'],['Popularity: #5591'],"['Score: 6.871 (scored by 3,769 users)']"
155,"['Genres: Comedy, Romance']",[],"['Licensors: None found, add some']",['Favorites: 14'],['Popularity: #6159'],"['Score: 6.871 (scored by 3,902 users)']"
156,"['Genres: Adventure, Comedy, Horror']",[],['Licensors: Discotek Media'],['Favorites: 157'],['Popularity: #3743'],"['Score: 6.871 (scored by 10,323 users)']"
157,"['Genres: Drama, Sci-Fi']",[],"['Licensors: None found, add some']",['Favorites: 7'],['Popularity: #7213'],"['Score: 6.871 (scored by 2,074 users)']"
158,"['Genres: Drama, Mystery']",['Broadcast: Tuesdays at 21:00 (JST)'],['Licensors: Funimation'],['Favorites: 347'],['Popularity: #1724'],"['Score: 6.871 (scored by 34,723 users)']"
159,"['Genres: Comedy, Fantasy, Ecchi']",['Broadcast: Thursdays at 21:30 (JST)'],['Licensors: Funimation'],"['Favorites: 2,432']",['Popularity: #270'],"['Score: 6.871 (scored by 392,353 users)']"
160,[],['Broadcast: Unknown'],"['Licensors: None found, add some']",['Favorites: 16'],['Popularity: #8451'],"['Score: 6.871 (scored by 1,203 users)']"
161,"['Genres: Comedy, Romance']",['Broadcast: Saturdays at 01:25 (JST)'],"['Licensors: None found, add some']","['Favorites: 4,806']",['Popularity: #580'],"['Score: 6.871 (scored by 114,860 users)']"
162,"['Genres: Comedy, Sci-Fi']",[],"['Licensors: None found, add some']",['Favorites: 37'],['Popularity: #3768'],"['Score: 6.871 (scored by 9,955 users)']"
163,[],[],"['Licensors: None found, add some']",['Favorites: 6'],['Popularity: #11074'],['Score: 6.871 (scored by 568 users)']
164,"['Genres: Comedy, Sci-Fi']",['Broadcast: Unknown'],"['Licensors: None found, add some']",['Favorites: 26'],['Popularity: #6166'],"['Score: 6.871 (scored by 3,698 users)']"
165,[],[],"['Licensors: None found, add some']",['Favorites: 11'],['Popularity: #8240'],"['Score: 6.871 (scored by 1,001 users)']"
166,[],[],['Licensors: Sentai Filmworks'],['Favorites: 55'],['Popularity: #4804'],['Score: 6.871 (scored by 237 users)']
167,"['Genres: Comedy, Girls Love']",[],"['Licensors: None found, add some']",['Favorites: 3'],['Popularity: #4696'],"['Score: 6.871 (scored by 8,935 users)']"
168,"['Genres: Action, Fantasy, Romance']",[],"['Licensors: None found, add some']",['Favorites: 1'],['Popularity: #10884'],['Score: 6.871 (scored by 415 users)']
169,"['Genres: Action, Supernatural']",[],"['Licensors: None found, add some']",['Favorites: 41'],['Popularity: #5650'],"['Score: 6.871 (scored by 1,405 users)']"
170,"['Genres: Action, Adventure, Fantasy']",[],"['Licensors: None found, add some']",['Favorites: 5'],['Popularity: #9250'],"['Score: 6.871 (scored by 1,089 users)']"
171,"['Genres: Drama, Fantasy, Mystery, Sci-Fi']",['Broadcast: Saturdays at 08:06 (JST)'],"['Licensors: None found, add some']",['Favorites: 67'],['Popularity: #4506'],"['Score: 6.871 (scored by 3,847 users)']"
172,"['Genres: Action, Adventure, Drama, Sci-Fi']",[],"['Licensors: None found, add some']",['Favorites: 5'],['Popularity: #8493'],"['Score: 6.861 (scored by 1,147 users)']"
173,"['Genres: Comedy, Romance, Sci-Fi']",[],"['Licensors: ADV Films, Funimation']",['Favorites: 2'],['Popularity: #7239'],"['Score: 6.861 (scored by 2,584 users)']"
174,[],[],"['Licensors: None found, add some']",['Favorites: 31'],['Popularity: #7098'],"['Score: 6.861 (scored by 2,005 users)']"
175,[],[],"['Licensors: None found, add some']",['Favorites: 5'],['Popularity: #12937'],['Score: 6.861 (scored by 455 users)']
176,"['Genres: Action, Fantasy, Supernatural']",[],"['Licensors: None found, add some']",['Favorites: 12'],['Popularity: #11605'],['Score: 6.861 (scored by 334 users)']
177,"['Genres: Action, Fantasy']",['Broadcast: Unknown'],"['Licensors: None found, add some']",['Favorites: 219'],['Popularity: #3307'],"['Score: 6.861 (scored by 19,821 users)']"
178,"['Genres: Action, Supernatural']",[],"['Licensors: None found, add some']",['Favorites: 7'],['Popularity: #8366'],['Score: 6.861 (scored by 677 users)']
179,"['Genres: Comedy, Ecchi']",[],"['Licensors: None found, add some']",['Favorites: 8'],['Popularity: #5464'],"['Score: 6.861 (scored by 5,435 users)']"
180,[],[],"['Licensors: None found, add some']",['Favorites: 9'],['Popularity: #4826'],"['Score: 6.861 (scored by 6,513 users)']"
181,"['Genres: Action, Adventure, Comedy, Mystery']",[],['Licensors: Discotek Media'],['Favorites: 4'],['Popularity: #8201'],"['Score: 6.861 (scored by 1,553 users)']"
182,"['Genres: Drama, Sci-Fi']",[],"['Licensors: None found, add some']",['Favorites: 7'],['Popularity: #6154'],"['Score: 6.861 (scored by 4,399 users)']"
183,"['Genres: Comedy, Drama, Romance']",[],"['Licensors: None found, add some']",['Favorites: 3'],['Popularity: #7679'],"['Score: 6.861 (scored by 2,182 users)']"
184,"['Genres: Action, Comedy, Fantasy, Ecchi']",['Broadcast: Thursdays at 00:00 (JST)'],"['Licensors: Funimation, Crunchyroll']","['Favorites: 1,289']",['Popularity: #382'],"['Score: 6.861 (scored by 231,328 users)']"
185,"['Genres: Comedy, Ecchi']",[],['Licensors: Sentai Filmworks'],['Favorites: 57'],['Popularity: #2630'],"['Score: 6.861 (scored by 31,152 users)']"
186,"['Genres: Action, Comedy, Fantasy']",[],['Licensors: VIZ Media'],['Favorites: 67'],['Popularity: #2250'],"['Score: 6.861 (scored by 42,319 users)']"
187,"['Genres: Comedy, Sci-Fi, Slice of Life']",['Broadcast: Wednesdays at 18:30 (JST)'],"['Licensors: Discotek Media, Geneon Entertainment USA']",['Favorites: 155'],['Popularity: #3435'],"['Score: 6.861 (scored by 9,991 users)']"
188,"['Genres: Action, Drama, Sci-Fi']",['Broadcast: Fridays at 01:28 (JST)'],['Licensors: Funimation'],['Favorites: 284'],['Popularity: #1162'],"['Score: 6.861 (scored by 70,698 users)']"
189,[],[],"['Licensors: None found, add some']",['Favorites: 12'],['Popularity: #10951'],['Score: 6.861 (scored by 875 users)']
190,"['Genres: Action, Fantasy']",['Broadcast: Sundays at 18:00 (JST)'],['Licensors: The Pokemon Company International'],['Favorites: 508'],['Popularity: #1841'],"['Score: 6.861 (scored by 54,170 users)']"
191,[],[],"['Licensors: None found, add some']",['Favorites: 10'],['Popularity: #12121'],['Score: 6.861 (scored by 512 users)']
192,"['Genres: Action, Fantasy']",['Broadcast: Unknown'],"['Licensors: None found, add some']",['Favorites: 6'],['Popularity: #11474'],['Score: 6.861 (scored by 349 users)']
193,"['Genres: Action, Adventure, Fantasy']",[],['Licensors: Manga Entertainment'],['Favorites: 28'],['Popularity: #4980'],"['Score: 6.861 (scored by 6,914 users)']"
194,"['Genres: Adventure, Sci-Fi']",[],['Licensors: Discotek Media'],['Favorites: 21'],['Popularity: #4822'],"['Score: 6.861 (scored by 9,466 users)']"
195,"['Genres: Action, Adventure, Sci-Fi']",['Broadcast: Saturdays at 17:30 (JST)'],"['Licensors: ADV Films, Sentai Filmworks']",['Favorites: 55'],['Popularity: #4083'],"['Score: 6.861 (scored by 7,706 users)']"
196,"['Genres: Comedy, Slice of Life']",[],['Licensors: Discotek Media'],['Favorites: 7'],['Popularity: #5829'],"['Score: 6.861 (scored by 4,033 users)']"
197,"['Genres: Action, Adventure, Fantasy']",[],['Licensors: GKIDS'],['Favorites: 32'],['Popularity: #4051'],"['Score: 6.861 (scored by 3,188 users)']"
198,"['Genres: Fantasy, Slice of Life']",['Broadcast: Sundays at 08:30 (JST)'],"['Licensors: None found, add some']",['Favorites: 4'],['Popularity: #10793'],['Score: 6.861 (scored by 576 users)']
199,[],[],['Licensors: Funimation'],['Favorites: 255'],['Popularity: #2166'],"['Score: 6.861 (scored by 27,263 users)']"
200,[],['Broadcast: Unknown'],"['Licensors: None found, add some']",['Favorites: 8'],['Popularity: #7460'],"['Score: 6.861 (scored by 1,471 users)']"
201,"['Genres: Adventure, Comedy, Sci-Fi']",[],['Licensors: ADV Films'],['Favorites: 198'],['Popularity: #4652'],"['Score: 6.871 (scored by 11,883 users)']"
202,[],[],"['Licensors: None found, add some']",['Favorites: 10'],['Popularity: #11219'],['Score: 6.851 (scored by 491 users)']
203,"['Genres: Boys Love, Comedy, Drama']",['Broadcast: Wednesdays at 23:30 (JST)'],"['Licensors: Funimation, Crunchyroll']","['Favorites: 1,062']",['Popularity: #1464'],"['Score: 6.861 (scored by 74,083 users)']"
204,[],['Broadcast: Unknown'],['Licensors: Bandai Entertainment'],['Favorites: 25'],['Popularity: #4845'],"['Score: 6.861 (scored by 4,470 users)']"
205,"['Genres: Romance, Sports']",[],"['Licensors: None found, add some']",['Favorites: 2'],['Popularity: #9038'],"['Score: 6.861 (scored by 1,554 users)']"
206,"['Genres: Comedy, Fantasy']",[],"['Licensors: None found, add some']",['Favorites: 12'],['Popularity: #4579'],"['Score: 6.861 (scored by 10,176 users)']"
207,[],[],"['Licensors: None found, add some']",['Favorites: 2'],['Popularity: #6331'],"['Score: 6.861 (scored by 2,907 users)']"
208,[],['Broadcast: Unknown'],"['Licensors: None found, add some']",['Favorites: 22'],['Popularity: #6668'],"['Score: 6.861 (scored by 2,182 users)']"
209,"['Genres: Comedy, Romance, Ecchi']",['Broadcast: Fridays at 01:00 (JST)'],['Licensors: Funimation'],"['Favorites: 1,535']",['Popularity: #545'],"['Score: 6.861 (scored by 212,526 users)']"
210,[],[],"['Licensors: None found, add some']",['Favorites: 1'],['Popularity: #14484'],['Score: 6.861 (scored by 122 users)']
211,"['Genres: Comedy, Drama, Slice of Life']",['Broadcast: Fridays at 02:40 (JST)'],"['Licensors: None found, add some']",['Favorites: 37'],['Popularity: #4396'],"['Score: 6.861 (scored by 6,631 users)']"
212,[],[],"['Licensors: None found, add some']",['Favorites: 2'],['Popularity: #11223'],['Score: 6.861 (scored by 716 users)']
213,"['Genres: Action, Adventure, Sci-Fi']",['Broadcast: Unknown'],"['Licensors: None found, add some']",['Favorites: 12'],['Popularity: #7184'],"['Score: 6.861 (scored by 1,985 users)']"
214,[],['Broadcast: Thursdays at 00:30 (JST)'],['Licensors: Funimation'],['Favorites: 235'],['Popularity: #1514'],"['Score: 6.861 (scored by 55,368 users)']"
215,[],[],"['Licensors: None found, add some']",['Favorites: 16'],['Popularity: #7761'],"['Score: 6.861 (scored by 1,892 users)']"
216,"['Genres: Action, Adventure, Comedy, Drama, Fantasy']",[],"['Licensors: None found, add some']",['Favorites: 4'],['Popularity: #11243'],['Score: 6.861 (scored by 487 users)']
217,"['Genres: Comedy, Drama, Romance']",['Broadcast: Unknown'],"['Licensors: None found, add some']",['Favorites: 75'],['Popularity: #3666'],"['Score: 6.861 (scored by 11,601 users)']"
218,"['Genres: Comedy, Fantasy, Horror']",['Broadcast: Sundays at 09:00 (JST)'],"['Licensors: None found, add some']",['Favorites: 11'],['Popularity: #7625'],"['Score: 6.861 (scored by 1,420 users)']"
219,"['Genres: Drama, Romance']",['Broadcast: Fridays at 00:45 (JST)'],"['Licensors: None found, add some']",['Favorites: 18'],['Popularity: #5146'],"['Score: 6.861 (scored by 3,478 users)']"
220,"['Genres: Comedy, Romance, Supernatural']",[],['Licensors: Funimation'],['Favorites: 10'],['Popularity: #4010'],"['Score: 6.861 (scored by 13,036 users)']"
221,[],['Broadcast: Fridays at 17:55 (JST)'],"['Licensors: None found, add some']",['Favorites: 97'],['Popularity: #4021'],"['Score: 6.861 (scored by 12,739 users)']"
222,"['Genres: Action, Comedy, Sci-Fi']",[],['Licensors: Sentai Filmworks'],['Favorites: 40'],['Popularity: #2621'],"['Score: 6.861 (scored by 28,449 users)']"
223,"['Genres: Action, Comedy, Sci-Fi, Ecchi']",[],['Licensors: Sentai Filmworks'],['Favorites: 58'],['Popularity: #2180'],"['Score: 6.861 (scored by 38,990 users)']"
224,[],[],"['Licensors: None found, add some']",['Favorites: 7'],['Popularity: #5979'],"['Score: 6.861 (scored by 2,135 users)']"
225,"['Genres: Boys Love, Drama, Romance']",[],"['Licensors: None found, add some']",['Favorites: 101'],['Popularity: #5095'],"['Score: 6.861 (scored by 6,584 users)']"
226,"['Genres: Adventure, Sci-Fi']",['Broadcast: Unknown'],"['Licensors: None found, add some']",['Favorites: 11'],['Popularity: #7570'],"['Score: 6.861 (scored by 1,042 users)']"
227,[],['Broadcast: Wednesdays at 01:59 (JST)'],['Licensors: Sentai Filmworks'],"['Favorites: 1,480']",['Popularity: #675'],"['Score: 6.851 (scored by 156,669 users)']"
228,"['Genres: Action, Drama, Sci-Fi']",[],"['Licensors: None found, add some']",['Favorites: 160'],['Popularity: #2909'],"['Score: 6.851 (scored by 23,079 users)']"
229,"['Genres: Action, Comedy, Mystery']",['Broadcast: Unknown'],"['Licensors: Bandai Entertainment, Maiden Japan']",['Favorites: 27'],['Popularity: #5188'],"['Score: 6.851 (scored by 4,919 users)']"
230,"['Genres: Action, Adventure, Sci-Fi']",[],['Licensors: Sentai Filmworks'],['Favorites: 9'],['Popularity: #7545'],"['Score: 6.851 (scored by 2,326 users)']"
231,"['Genres: Comedy, Fantasy']",[],"['Licensors: ADV Films, Discotek Media']",['Favorites: 83'],['Popularity: #4430'],"['Score: 6.851 (scored by 11,116 users)']"
232,"['Genres: Action, Fantasy, Supernatural']",[],['Licensors: Aniplex of America'],['Favorites: 140'],['Popularity: #2178'],"['Score: 6.851 (scored by 29,828 users)']"
233,"['Genres: Comedy, Supernatural']",[],"['Licensors: None found, add some']",['Favorites: 0'],['Popularity: #13033'],['Score: 6.861 (scored by 282 users)']
234,"['Genres: Comedy, Fantasy']",[],['Licensors: Funimation'],['Favorites: 19'],['Popularity: #4211'],"['Score: 6.851 (scored by 6,742 users)']"
235,[],['Broadcast: Mondays at 00:00 (JST)'],['Licensors: Funimation'],['Favorites: 353'],['Popularity: #1377'],"['Score: 6.851 (scored by 71,729 users)']"
236,[],[],['Licensors: Funimation'],['Favorites: 105'],['Popularity: #4518'],"['Score: 6.851 (scored by 6,635 users)']"
237,[],[],"['Licensors: None found, add some']",['Favorites: 24'],['Popularity: #7738'],"['Score: 6.851 (scored by 2,326 users)']"
238,[],[],"['Licensors: None found, add some']",['Favorites: 9'],['Popularity: #9298'],['Score: 6.851 (scored by 788 users)']
239,"['Genres: Comedy, Drama, Romance, Supernatural']",[],"['Licensors: None found, add some']",['Favorites: 1'],['Popularity: #10615'],['Score: 6.851 (scored by 392 users)']
240,"['Genres: Comedy, Drama, Romance, Ecchi']",[],['Licensors: VIZ Media'],['Favorites: 58'],['Popularity: #3997'],"['Score: 6.851 (scored by 12,351 users)']"
241,"['Genres: Comedy, Romance, Ecchi']",[],"['Licensors: None found, add some']",['Favorites: 8'],['Popularity: #3918'],"['Score: 6.851 (scored by 14,636 users)']"
242,"['Genres: Comedy, Fantasy, Romance']",['Broadcast: Tuesdays at 01:35 (JST)'],['Licensors: Discotek Media'],['Favorites: 527'],['Popularity: #842'],"['Score: 6.851 (scored by 121,077 users)']"
243,"['Genres: Action, Adventure, Comedy, Drama']",['Broadcast: Unknown'],"['Licensors: Media Blasters, Geneon Entertainment USA']",['Favorites: 17'],['Popularity: #5728'],"['Score: 6.851 (scored by 4,137 users)']"
244,"['Genres: Action, Comedy']",['Broadcast: Unknown'],"['Licensors: None found, add some']",['Favorites: 4'],['Popularity: #8740'],['Score: 6.851 (scored by 800 users)']
245,"['Genres: Comedy, Girls Love, Slice of Life, Ecchi']",['Broadcast: Mondays at 01:30 (JST)'],['Licensors: Maiden Japan'],['Favorites: 71'],['Popularity: #3281'],"['Score: 6.851 (scored by 14,907 users)']"
246,"['Genres: Action, Comedy, Sci-Fi']",['Broadcast: Unknown'],['Licensors: Funimation'],['Favorites: 32'],['Popularity: #4748'],"['Score: 6.851 (scored by 6,152 users)']"
247,[],['Broadcast: Fridays at 01:25 (JST)'],['Licensors: Sentai Filmworks'],['Favorites: 494'],['Popularity: #1685'],"['Score: 6.851 (scored by 48,387 users)']"
248,"['Genres: Action, Fantasy']",[],"['Licensors: None found, add some']",['Favorites: 9'],['Popularity: #10762'],['Score: 6.861 (scored by 590 users)']
249,"['Genres: Action, Adventure, Fantasy']",[],"['Licensors: None found, add some']",['Favorites: 6'],['Popularity: #12609'],['Score: 6.851 (scored by 390 users)']
250,"['Genres: Comedy, Slice of Life']",[],"['Licensors: None found, add some']",['Favorites: 1'],['Popularity: #5843'],"['Score: 6.851 (scored by 4,922 users)']"
251,"['Genres: Action, Drama, Horror, Romance, Sci-Fi, Supernatural']",['Broadcast: Unknown'],"['Licensors: VIZ Media, NYAV Post']",['Favorites: 270'],['Popularity: #1522'],"['Score: 6.851 (scored by 60,129 users)']"
252,"['Genres: Action, Drama, Romance, Sci-Fi']",[],['Licensors: ADV Films'],['Favorites: 14'],['Popularity: #6123'],"['Score: 6.851 (scored by 4,079 users)']"
253,[],[],"['Licensors: None found, add some']",['Favorites: 107'],['Popularity: #2847'],"['Score: 6.851 (scored by 27,163 users)']"
254,"['Genres: Adventure, Comedy, Sports']",['Broadcast: Sundays at 08:30 (JST)'],['Licensors: Nelvana'],['Favorites: 378'],['Popularity: #2074'],"['Score: 6.851 (scored by 56,939 users)']"
255,"['Genres: Drama, Fantasy, Romance']",['Broadcast: Thursdays at 21:00 (JST)'],['Licensors: Sentai Filmworks'],['Favorites: 396'],['Popularity: #2653'],"['Score: 6.851 (scored by 17,024 users)']"
256,[],[],"['Licensors: None found, add some']",['Favorites: 11'],['Popularity: #5671'],"['Score: 6.851 (scored by 4,127 users)']"
257,"['Genres: Comedy, Gourmet, Slice of Life']",['Broadcast: Unknown'],"['Licensors: None found, add some']",['Favorites: 21'],['Popularity: #8827'],['Score: 6.851 (scored by 591 users)']
258,"['Genres: Action, Comedy, Fantasy, Romance, Supernatural, Ecchi']",['Broadcast: Thursdays at 01:30 (JST)'],['Licensors: Funimation'],['Favorites: 729'],['Popularity: #920'],"['Score: 6.841 (scored by 117,495 users)']"
259,"['Genres: Action, Adventure, Fantasy']",[],"['Licensors: None found, add some']",['Favorites: 23'],['Popularity: #4206'],"['Score: 6.851 (scored by 8,588 users)']"
260,"['Genres: Action, Adventure, Fantasy']",[],"['Licensors: VIZ Media, The Pokemon Company International']",['Favorites: 28'],['Popularity: #2353'],"['Score: 6.851 (scored by 41,844 users)']"
261,"['Genres: Action, Adventure, Comedy, Sci-Fi']",[],"['Licensors: Central Park Media, Discotek Media']",['Favorites: 119'],['Popularity: #4567'],"['Score: 6.851 (scored by 7,969 users)']"
262,"['Genres: Comedy, Slice of Life']",[],"['Licensors: None found, add some']",['Favorites: 0'],['Popularity: #8206'],"['Score: 6.851 (scored by 1,432 users)']"
263,[],['Broadcast: Mondays at 22:00 (JST)'],"['Licensors: None found, add some']",['Favorites: 332'],['Popularity: #1150'],"['Score: 6.851 (scored by 79,378 users)']"
264,"['Genres: Action, Adventure, Fantasy']",['Broadcast: Saturdays at 22:00 (JST)'],"['Licensors: None found, add some']","['Favorites: 1,298']",['Popularity: #832'],"['Score: 6.851 (scored by 113,473 users)']"
265,[],['Broadcast: Unknown'],['Licensors: Funimation'],['Favorites: 29'],['Popularity: #3843'],"['Score: 6.851 (scored by 10,996 users)']"
266,"['Genres: Comedy, Slice of Life']",[],['Licensors: Discotek Media'],['Favorites: 3'],['Popularity: #8571'],"['Score: 6.851 (scored by 1,114 users)']"
267,"['Genres: Action, Fantasy']",[],"['Licensors: ADV Films, Funimation']",['Favorites: 21'],['Popularity: #4664'],"['Score: 6.851 (scored by 9,089 users)']"
268,[],['Broadcast: Mondays at 22:30 (JST)'],['Licensors: Sentai Filmworks'],['Favorites: 61'],['Popularity: #3268'],"['Score: 6.851 (scored by 13,381 users)']"
269,"['Genres: Action, Comedy, Romance']",['Broadcast: Unknown'],"['Licensors: None found, add some']",['Favorites: 90'],['Popularity: #2445'],"['Score: 6.851 (scored by 24,077 users)']"
270,[],[],"['Licensors: None found, add some']",['Favorites: 31'],['Popularity: #2960'],"['Score: 6.851 (scored by 21,142 users)']"
271,"['Genres: Comedy, Romance, Ecchi']",[],['Licensors: Discotek Media'],"['Favorites: 1,254']",['Popularity: #680'],"['Score: 6.841 (scored by 176,808 users)']"
272,"['Genres: Drama, Romance']",[],['Licensors: Sentai Filmworks'],['Favorites: 18'],['Popularity: #3332'],"['Score: 6.841 (scored by 19,622 users)']"
273,"['Genres: Adventure, Comedy, Drama, Fantasy, Romance, Sci-Fi']",['Broadcast: Unknown'],"['Licensors: None found, add some']",['Favorites: 27'],['Popularity: #5606'],"['Score: 6.831 (scored by 3,628 users)']"
274,"['Genres: Boys Love, Drama']",[],['Licensors: Kuma Holdings'],['Favorites: 44'],['Popularity: #4178'],"['Score: 6.841 (scored by 11,161 users)']"
275,"['Genres: Action, Adventure']",['Broadcast: Sundays at 22:30 (JST)'],['Licensors: Sentai Filmworks'],['Favorites: 85'],['Popularity: #3595'],"['Score: 6.841 (scored by 10,133 users)']"
276,[],[],"['Licensors: None found, add some']",['Favorites: 3'],['Popularity: #12405'],['Score: 6.841 (scored by 343 users)']
277,"['Genres: Comedy, Fantasy, Ecchi']",['Broadcast: Unknown'],"['Licensors: None found, add some']",['Favorites: 81'],['Popularity: #2309'],"['Score: 6.841 (scored by 30,738 users)']"
278,[],['Broadcast: Unknown'],"['Licensors: None found, add some']",['Favorites: 10'],['Popularity: #9008'],['Score: 6.841 (scored by 779 users)']
279,[],['Broadcast: Not scheduled once per week'],['Licensors: Discotek Media'],['Favorites: 31'],['Popularity: #6352'],"['Score: 6.841 (scored by 3,424 users)']"
280,"['Genres: Romance, Supernatural']",[],"['Licensors: None found, add some']",['Favorites: 10'],['Popularity: #7563'],"['Score: 6.841 (scored by 2,928 users)']"
281,"['Genres: Comedy, Drama, Fantasy, Romance']",[],"['Licensors: None found, add some']",['Favorites: 32'],['Popularity: #4340'],"['Score: 6.841 (scored by 7,338 users)']"
282,"['Genres: Action, Comedy, Fantasy']",[],"['Licensors: None found, add some']",['Favorites: 15'],['Popularity: #4445'],"['Score: 6.841 (scored by 8,164 users)']"
283,"['Genres: Adventure, Comedy, Fantasy']",[],['Licensors: The Pokemon Company International'],['Favorites: 11'],['Popularity: #5988'],"['Score: 6.841 (scored by 3,789 users)']"
284,"['Genres: Action, Fantasy']",[],"['Licensors: None found, add some']",['Favorites: 5'],['Popularity: #8547'],"['Score: 6.841 (scored by 1,492 users)']"
285,"['Genres: Action, Fantasy']",[],"['Licensors: None found, add some']",['Favorites: 5'],['Popularity: #9332'],['Score: 6.841 (scored by 926 users)']
286,"['Genres: Action, Fantasy']",[],"['Licensors: None found, add some']",['Favorites: 8'],['Popularity: #10823'],['Score: 6.841 (scored by 400 users)']
287,"['Genres: Fantasy, Slice of Life']",['Broadcast: Fridays at 17:55 (JST)'],"['Licensors: None found, add some']",['Favorites: 1'],['Popularity: #10746'],['Score: 6.841 (scored by 226 users)']
288,[],['Broadcast: Tuesdays at 01:30 (JST)'],['Licensors: Sentai Filmworks'],['Favorites: 56'],['Popularity: #3039'],"['Score: 6.841 (scored by 12,471 users)']"
289,"['Genres: Adventure, Comedy']",[],"['Licensors: None found, add some']",['Favorites: 15'],['Popularity: #3983'],"['Score: 6.841 (scored by 11,592 users)']"
290,"['Genres: Action, Comedy, Fantasy']",[],['Licensors: Funimation'],['Favorites: 36'],['Popularity: #3946'],"['Score: 6.841 (scored by 7,624 users)']"
291,[],[],"['Licensors: None found, add some']",['Favorites: 3'],['Popularity: #9295'],"['Score: 6.851 (scored by 1,394 users)']"
292,[],[],"['Licensors: None found, add some']",['Favorites: 5'],['Popularity: #11931'],['Score: 6.841 (scored by 576 users)']
293,"['Genres: Comedy, Sci-Fi']",[],"['Licensors: None found, add some']",['Favorites: 3'],['Popularity: #9402'],"['Score: 6.841 (scored by 1,129 users)']"
294,"['Genres: Action, Adventure, Fantasy']",[],"['Licensors: None found, add some']",['Favorites: 92'],['Popularity: #2880'],"['Score: 6.841 (scored by 21,112 users)']"
295,[],[],"['Licensors: None found, add some']",['Favorites: 3'],['Popularity: #7530'],"['Score: 6.841 (scored by 1,035 users)']"
296,[],[],"['Licensors: None found, add some']",['Favorites: 13'],['Popularity: #7439'],"['Score: 6.831 (scored by 3,268 users)']"
297,[],[],"['Licensors: None found, add some']",['Favorites: 2'],['Popularity: #8225'],"['Score: 6.841 (scored by 1,768 users)']"
298,"['Genres: Comedy, Drama, Romance']",[],"['Licensors: None found, add some']",['Favorites: 9'],['Popularity: #6896'],"['Score: 6.841 (scored by 2,633 users)']"
299,"['Genres: Comedy, Romance']",[],"['Licensors: None found, add some']",['Favorites: 275'],['Popularity: #2135'],"['Score: 6.841 (scored by 28,464 users)']"
300,[],[],"['Licensors: None found, add some']",['Favorites: 5'],['Popularity: #12138'],['Score: 6.851 (scored by 639 users)']
301,[],[],"['Licensors: None found, add some']",['Favorites: 2'],['Popularity: #7286'],"['Score: 6.841 (scored by 2,973 users)']"
302,[],['Broadcast: Tuesdays at 00:00 (JST)'],['Licensors: Sentai Filmworks'],['Favorites: 32'],['Popularity: #7776'],"['Score: 6.841 (scored by 1,295 users)']"
303,"['Genres: Fantasy, Supernatural']",['Broadcast: Mondays at 18:20 (JST)'],"['Licensors: None found, add some']",['Favorites: 64'],['Popularity: #4634'],"['Score: 6.841 (scored by 6,422 users)']"
304,"['Genres: Action, Adventure, Award Winning, Drama, Fantasy']",[],['Licensors: GKIDS'],['Favorites: 33'],['Popularity: #4034'],"['Score: 6.841 (scored by 12,862 users)']"
305,[],[],"['Licensors: None found, add some']",['Favorites: 7'],['Popularity: #4745'],"['Score: 6.841 (scored by 9,850 users)']"
306,"['Genres: Action, Adventure, Sci-Fi']",[],['Licensors: Sentai Filmworks'],['Favorites: 5'],['Popularity: #8316'],"['Score: 6.841 (scored by 1,864 users)']"
307,"['Genres: Action, Sports']",['Broadcast: Unknown'],"['Licensors: None found, add some']",['Favorites: 8'],['Popularity: #10430'],['Score: 6.841 (scored by 911 users)']
308,"['Genres: Action, Supernatural']",['Broadcast: Fridays at 02:05 (JST)'],['Licensors: Sentai Filmworks'],['Favorites: 468'],['Popularity: #1298'],"['Score: 6.841 (scored by 77,836 users)']"
309,"['Genres: Action, Drama, Romance, Supernatural']",['Broadcast: Saturdays at 23:30 (JST)'],['Licensors: Sentai Filmworks'],"['Favorites: 1,556']",['Popularity: #859'],"['Score: 6.841 (scored by 105,666 users)']"
310,"['Genres: Adventure, Comedy, Drama, Fantasy']",[],['Licensors: Saban Brands'],['Favorites: 10'],['Popularity: #4475'],"['Score: 6.841 (scored by 9,708 users)']"
311,[],[],"['Licensors: None found, add some']",['Favorites: 8'],['Popularity: #8299'],"['Score: 6.841 (scored by 1,800 users)']"
312,"['Genres: Comedy, Sci-Fi']",[],"['Licensors: None found, add some']",['Favorites: 5'],['Popularity: #9961'],"['Score: 6.841 (scored by 1,024 users)']"
313,"['Genres: Action, Adventure, Comedy, Fantasy, Sci-Fi']",[],['Licensors: Funimation'],['Favorites: 30'],['Popularity: #1682'],"['Score: 6.841 (scored by 72,392 users)']"
314,"['Genres: Action, Adventure, Comedy, Fantasy']",[],"['Licensors: None found, add some']",['Favorites: 35'],['Popularity: #2832'],"['Score: 6.841 (scored by 29,179 users)']"
315,[],[],"['Licensors: None found, add some']",['Favorites: 5'],['Popularity: #6981'],"['Score: 6.841 (scored by 1,535 users)']"
316,[],['Broadcast: Unknown'],"['Licensors: None found, add some']",['Favorites: 34'],['Popularity: #6145'],"['Score: 6.841 (scored by 5,688 users)']"
317,"['Genres: Adventure, Fantasy']",[],['Licensors: Disney Platform Distribution'],['Favorites: 260'],['Popularity: #1477'],"['Score: 6.841 (scored by 82,465 users)']"
318,"['Genres: Action, Fantasy']",['Broadcast: Unknown'],"['Licensors: None found, add some']",['Favorites: 59'],['Popularity: #5649'],"['Score: 6.841 (scored by 4,218 users)']"
319,"['Genres: Adventure, Fantasy, Sci-Fi']",[],"['Licensors: NYAV Post, GKIDS']",['Favorites: 35'],['Popularity: #3284'],"['Score: 6.841 (scored by 12,108 users)']"
320,"['Genres: Action, Adventure, Comedy, Sci-Fi']",['Broadcast: Unknown'],['Licensors: Manga Entertainment'],['Favorites: 39'],['Popularity: #8036'],"['Score: 6.841 (scored by 2,613 users)']"
321,"['Genres: Action, Comedy, Sci-Fi, Ecchi']",[],['Licensors: Sentai Filmworks'],['Favorites: 69'],['Popularity: #1657'],"['Score: 6.841 (scored by 66,046 users)']"
322,"['Genres: Drama, Romance']",['Broadcast: Saturdays at 23:30 (JST)'],['Licensors: Nozomi Entertainment'],['Favorites: 566'],['Popularity: #1410'],"['Score: 6.841 (scored by 61,126 users)']"
323,"['Genres: Drama, Romance']",[],"['Licensors: None found, add some']",['Favorites: 6'],['Popularity: #8845'],['Score: 6.841 (scored by 779 users)']
324,"['Genres: Action, Adventure, Fantasy']",[],"['Licensors: None found, add some']",['Favorites: 1'],['Popularity: #13320'],['Score: 6.841 (scored by 114 users)']
325,"['Genres: Action, Horror, Supernatural']",['Broadcast: Wednesdays at 02:40 (JST)'],['Licensors: Discotek Media'],['Favorites: 319'],['Popularity: #1490'],"['Score: 6.841 (scored by 63,333 users)']"
326,[],[],"['Licensors: None found, add some']",['Favorites: 85'],['Popularity: #4702'],"['Score: 6.831 (scored by 6,324 users)']"
327,"['Genres: Adventure, Comedy, Fantasy']",[],"['Licensors: None found, add some']",['Favorites: 12'],['Popularity: #7729'],"['Score: 6.831 (scored by 1,406 users)']"
328,"['Genres: Drama, Fantasy, Romance']",[],"['Licensors: None found, add some']",['Favorites: 28'],['Popularity: #7437'],"['Score: 6.831 (scored by 1,874 users)']"
329,"['Genres: Action, Drama']",[],"['Licensors: None found, add some']",['Favorites: 25'],['Popularity: #7489'],"['Score: 6.831 (scored by 2,497 users)']"
330,[],[],"['Licensors: None found, add some']",['Favorites: 4'],['Popularity: #13905'],['Score: 6.821 (scored by 277 users)']
331,"['Genres: Action, Fantasy']",[],"['Licensors: None found, add some']",['Favorites: 14'],['Popularity: #9836'],['Score: 6.831 (scored by 691 users)']
332,"['Genres: Adventure, Comedy, Slice of Life']",['Broadcast: Thursdays at 01:30 (JST)'],"['Licensors: None found, add some']",['Favorites: 160'],['Popularity: #2157'],"['Score: 6.831 (scored by 28,157 users)']"
333,"['Genres: Action, Comedy, Fantasy, Romance']",[],['Licensors: bilibili'],['Favorites: 48'],['Popularity: #4038'],"['Score: 6.831 (scored by 4,990 users)']"
334,"['Genres: Action, Supernatural']",[],"['Licensors: None found, add some']",['Favorites: 83'],['Popularity: #3337'],"['Score: 6.831 (scored by 7,726 users)']"
335,"['Genres: Comedy, Fantasy, Romance, Ecchi']",['Broadcast: Saturdays at 01:30 (JST)'],['Licensors: Sentai Filmworks'],['Favorites: 511'],['Popularity: #736'],"['Score: 6.831 (scored by 130,995 users)']"
336,[],['Broadcast: Unknown'],"['Licensors: None found, add some']",['Favorites: 3'],['Popularity: #10684'],['Score: 6.831 (scored by 564 users)']
337,[],[],"['Licensors: Bandai Entertainment, NYAV Post']",['Favorites: 4'],['Popularity: #6193'],"['Score: 6.831 (scored by 3,597 users)']"
338,"['Genres: Comedy, Fantasy']",['Broadcast: Fridays at 18:30 (JST)'],['Licensors: Geneon Entertainment USA'],['Favorites: 21'],['Popularity: #6658'],"['Score: 6.831 (scored by 2,197 users)']"
339,"['Genres: Mystery, Slice of Life, Supernatural']",[],"['Licensors: None found, add some']",['Favorites: 0'],['Popularity: #10173'],['Score: 6.831 (scored by 845 users)']
340,"['Genres: Comedy, Drama']",[],"['Licensors: None found, add some']",['Favorites: 38'],['Popularity: #4887'],"['Score: 6.831 (scored by 5,159 users)']"
341,"['Genres: Comedy, Drama, Sci-Fi']",['Broadcast: Unknown'],"['Licensors: Nozomi Entertainment, Bandai Entertainment']",['Favorites: 185'],['Popularity: #2059'],"['Score: 6.831 (scored by 48,752 users)']"
342,"['Genres: Action, Comedy, Fantasy']",[],"['Licensors: None found, add some']",['Favorites: 25'],['Popularity: #3311'],"['Score: 6.831 (scored by 18,302 users)']"
343,"['Genres: Action, Adventure, Comedy, Fantasy']",[],['Licensors: 4Kids Entertainment'],['Favorites: 8'],['Popularity: #4183'],"['Score: 6.831 (scored by 12,638 users)']"
344,"['Genres: Action, Adventure, Sci-Fi']",[],['Licensors: ADV Films'],['Favorites: 9'],['Popularity: #6761'],"['Score: 6.831 (scored by 2,494 users)']"
345,[],[],['Licensors: Sentai Filmworks'],['Favorites: 4'],['Popularity: #7572'],"['Score: 6.831 (scored by 2,347 users)']"
346,"['Genres: Action, Horror, Mystery, Romance, Supernatural']",['Broadcast: Unknown'],"['Licensors: Sentai Filmworks, Geneon Entertainment USA']",['Favorites: 644'],['Popularity: #1327'],"['Score: 6.831 (scored by 69,054 users)']"
347,[],[],['Licensors: Sentai Filmworks'],['Favorites: 147'],['Popularity: #2682'],"['Score: 6.831 (scored by 24,057 users)']"
348,[],[],"['Licensors: None found, add some']",['Favorites: 61'],['Popularity: #3999'],"['Score: 6.831 (scored by 11,018 users)']"
349,[],[],"['Licensors: None found, add some']",['Favorites: 1'],['Popularity: #13410'],['Score: 6.841 (scored by 411 users)']
350,"['Genres: Drama, Sci-Fi']",[],['Licensors: Maiden Japan'],['Favorites: 3'],['Popularity: #9236'],['Score: 6.831 (scored by 860 users)']
351,[],[],"['Licensors: None found, add some']",['Favorites: 7'],['Popularity: #7095'],"['Score: 6.831 (scored by 1,976 users)']"
352,"['Genres: Action, Comedy, Drama, Fantasy, Slice of Life']",['Broadcast: Mondays at 00:00 (JST)'],['Licensors: Funimation'],['Favorites: 455'],['Popularity: #2154'],"['Score: 6.831 (scored by 19,804 users)']"
353,"['Genres: Comedy, Romance']",['Broadcast: Fridays at 22:30 (JST)'],"['Licensors: None found, add some']",['Favorites: 286'],['Popularity: #1273'],"['Score: 6.831 (scored by 72,462 users)']"
354,[],[],"['Licensors: None found, add some']",['Favorites: 5'],['Popularity: #11222'],['Score: 6.841 (scored by 700 users)']
355,[],['Broadcast: Wednesdays at 01:40 (JST)'],['Licensors: Ponycan USA'],['Favorites: 499'],['Popularity: #2148'],"['Score: 6.831 (scored by 32,562 users)']"
356,[],[],"['Licensors: None found, add some']",['Favorites: 28'],['Popularity: #3645'],"['Score: 6.831 (scored by 12,804 users)']"
357,"['Genres: Action, Adventure, Sci-Fi']",[],"['Licensors: AnimEigo, Discotek Media']",['Favorites: 8'],['Popularity: #6493'],"['Score: 6.831 (scored by 2,397 users)']"
358,"['Genres: Comedy, Gourmet']",['Broadcast: Fridays at 02:28 (JST)'],['Licensors: Funimation'],['Favorites: 186'],['Popularity: #1335'],"['Score: 6.831 (scored by 67,366 users)']"
359,"['Genres: Action, Adventure, Comedy, Fantasy, Sci-Fi']",[],['Licensors: Funimation'],['Favorites: 18'],['Popularity: #2707'],"['Score: 6.831 (scored by 29,236 users)']"
360,"['Genres: Action, Adventure, Fantasy']",[],['Licensors: Sentai Filmworks'],['Favorites: 54'],['Popularity: #2766'],"['Score: 6.831 (scored by 25,181 users)']"
361,"['Genres: Action, Fantasy, Romance, Supernatural']",[],"['Licensors: None found, add some']",['Favorites: 47'],['Popularity: #3146'],"['Score: 6.831 (scored by 16,264 users)']"
362,"['Genres: Action, Comedy, Fantasy, Romance, Sci-Fi, Ecchi']",['Broadcast: Saturdays at 20:30 (JST)'],['Licensors: Aniplex of America'],"['Favorites: 2,159']",['Popularity: #296'],"['Score: 6.831 (scored by 359,062 users)']"
363,[],['Broadcast: Fridays at 02:28 (JST)'],['Licensors: Sentai Filmworks'],['Favorites: 164'],['Popularity: #1874'],"['Score: 6.831 (scored by 35,483 users)']"
364,"['Genres: Action, Sci-Fi']",['Broadcast: Wednesdays at 18:30 (JST)'],"['Licensors: Media Blasters, NYAV Post']",['Favorites: 20'],['Popularity: #7392'],"['Score: 6.831 (scored by 2,310 users)']"
365,"['Genres: Adventure, Sci-Fi']",['Broadcast: Unknown'],['Licensors: Media Blasters'],['Favorites: 49'],['Popularity: #5481'],"['Score: 6.831 (scored by 5,639 users)']"
366,"['Genres: Romance, Ecchi']",[],"['Licensors: None found, add some']",['Favorites: 4'],['Popularity: #4610'],"['Score: 6.831 (scored by 9,911 users)']"
367,"['Genres: Action, Fantasy']",['Broadcast: Mondays at 02:00 (JST)'],['Licensors: Funimation'],['Favorites: 36'],['Popularity: #3941'],"['Score: 6.831 (scored by 9,951 users)']"
368,"['Genres: Action, Sci-Fi, Slice of Life']",['Broadcast: Thursdays at 01:05 (JST)'],"['Licensors: Funimation, Crunchyroll']","['Favorites: 1,346']",['Popularity: #1013'],"['Score: 6.831 (scored by 89,395 users)']"
369,[],[],"['Licensors: None found, add some']",['Favorites: 8'],['Popularity: #6879'],"['Score: 6.821 (scored by 3,330 users)']"
370,[],[],"['Licensors: None found, add some']",['Favorites: 37'],['Popularity: #6511'],"['Score: 6.821 (scored by 1,895 users)']"
371,"['Genres: Action, Adventure, Sci-Fi']",[],"['Licensors: Funimation, Geneon Entertainment USA']",['Favorites: 20'],['Popularity: #4733'],"['Score: 6.821 (scored by 9,311 users)']"
372,"['Genres: Action, Sci-Fi']",['Broadcast: Saturdays at 23:00 (JST)'],['Licensors: Sentai Filmworks'],['Favorites: 41'],['Popularity: #3706'],"['Score: 6.821 (scored by 11,206 users)']"
373,"['Genres: Comedy, Slice of Life']",[],"['Licensors: None found, add some']",['Favorites: 19'],['Popularity: #7082'],"['Score: 6.821 (scored by 2,271 users)']"
374,[],[],"['Licensors: None found, add some']",['Favorites: 1'],['Popularity: #15115'],['Score: 6.821 (scored by 212 users)']
375,"['Genres: Action, Adventure, Supernatural']",['Broadcast: Unknown'],['Licensors: Media Blasters'],['Favorites: 148'],['Popularity: #2421'],"['Score: 6.821 (scored by 25,453 users)']"
376,[],[],"['Licensors: None found, add some']",['Favorites: 1'],['Popularity: #8011'],"['Score: 6.821 (scored by 2,183 users)']"
377,"['Genres: Adventure, Fantasy']",[],"['Licensors: None found, add some']",['Favorites: 2'],['Popularity: #8648'],"['Score: 6.821 (scored by 1,918 users)']"
378,"['Genres: Action, Comedy, Sci-Fi']",['Broadcast: Sundays at 22:30 (JST)'],['Licensors: Funimation'],['Favorites: 92'],['Popularity: #3422'],"['Score: 6.821 (scored by 12,573 users)']"
379,"['Genres: Comedy, Fantasy, Ecchi']",[],['Licensors: Sentai Filmworks'],['Favorites: 19'],['Popularity: #3141'],"['Score: 6.821 (scored by 19,247 users)']"
380,"['Genres: Adventure, Drama, Fantasy, Romance']",[],"['Licensors: Media Blasters, Geneon Entertainment USA']",['Favorites: 40'],['Popularity: #4753'],"['Score: 6.831 (scored by 8,857 users)']"
381,"['Genres: Comedy, Sci-Fi']",[],"['Licensors: Nozomi Entertainment, Bandai Entertainment']",['Favorites: 2'],['Popularity: #9885'],['Score: 6.821 (scored by 878 users)']
382,[],[],"['Licensors: None found, add some']",['Favorites: 5'],['Popularity: #7977'],"['Score: 6.821 (scored by 1,320 users)']"
383,[],[],"['Licensors: None found, add some']",['Favorites: 20'],['Popularity: #3585'],"['Score: 6.821 (scored by 14,512 users)']"
384,[],['Broadcast: Unknown'],"['Licensors: None found, add some']",['Favorites: 6'],['Popularity: #10094'],['Score: 6.821 (scored by 773 users)']
385,"['Genres: Action, Boys Love, Drama, Romance, Supernatural']",[],['Licensors: Media Blasters'],['Favorites: 27'],['Popularity: #5796'],"['Score: 6.821 (scored by 3,981 users)']"
386,"['Genres: Comedy, Romance, Ecchi']",[],"['Licensors: None found, add some']",['Favorites: 6'],['Popularity: #3745'],"['Score: 6.821 (scored by 15,303 users)']"
387,"['Genres: Comedy, Romance, Ecchi']",[],"['Licensors: None found, add some']",['Favorites: 8'],['Popularity: #4646'],"['Score: 6.821 (scored by 9,852 users)']"
388,[],['Broadcast: Saturdays at 22:00 (JST)'],"['Licensors: None found, add some']",['Favorites: 245'],['Popularity: #2491'],"['Score: 6.831 (scored by 9,377 users)']"
389,"['Genres: Action, Fantasy, Supernatural']",[],['Licensors: Funimation'],['Favorites: 30'],['Popularity: #3251'],"['Score: 6.821 (scored by 17,736 users)']"
390,"['Genres: Adventure, Drama, Fantasy, Slice of Life']",['Broadcast: Unknown'],"['Licensors: None found, add some']",['Favorites: 5'],['Popularity: #9694'],['Score: 6.821 (scored by 526 users)']
391,"['Genres: Action, Fantasy, Mystery']",[],"['Licensors: None found, add some']",['Favorites: 21'],['Popularity: #8080'],"['Score: 6.831 (scored by 2,438 users)']"
392,"['Genres: Fantasy, Ecchi']",['Broadcast: Tuesdays at 22:30 (JST)'],['Licensors: Sentai Filmworks'],"['Favorites: 1,686']",['Popularity: #956'],"['Score: 6.821 (scored by 82,807 users)']"
393,[],[],"['Licensors: None found, add some']",['Favorites: 16'],['Popularity: #5012'],"['Score: 6.821 (scored by 6,308 users)']"
394,"['Genres: Action, Adventure, Comedy, Sci-Fi']",['Broadcast: Unknown'],"['Licensors: None found, add some']",['Favorites: 3'],['Popularity: #12129'],['Score: 6.821 (scored by 321 users)']
395,[],['Broadcast: Saturdays at 01:55 (JST)'],"['Licensors: None found, add some']",['Favorites: 46'],['Popularity: #4807'],"['Score: 6.821 (scored by 6,275 users)']"
396,"['Genres: Action, Supernatural']",['Broadcast: Saturdays at 21:00 (JST)'],"['Licensors: None found, add some']",['Favorites: 452'],['Popularity: #1097'],"['Score: 6.821 (scored by 60,001 users)']"
397,[],[],"['Licensors: None found, add some']",['Favorites: 4'],['Popularity: #9660'],"['Score: 6.821 (scored by 1,559 users)']"
398,"['Genres: Action, Adventure, Fantasy']",['Broadcast: Sundays at 09:00 (JST)'],"['Licensors: None found, add some']",['Favorites: 3'],['Popularity: #11131'],['Score: 6.831 (scored by 369 users)']
399,[],[],"['Licensors: None found, add some']",['Favorites: 7'],['Popularity: #11106'],['Score: 6.821 (scored by 353 users)']
400,"['Genres: Action, Adventure, Comedy, Sci-Fi']",[],"['Licensors: None found, add some']",['Favorites: 15'],['Popularity: #5304'],"['Score: 6.821 (scored by 5,339 users)']"
401,"['Genres: Fantasy, Slice of Life']",['Broadcast: Sundays at 08:30 (JST)'],['Licensors: Saban Entertainment'],['Favorites: 8'],['Popularity: #9590'],['Score: 6.821 (scored by 777 users)']
402,"['Genres: Action, Adventure, Fantasy']",[],"['Licensors: None found, add some']",['Favorites: 2'],['Popularity: #8024'],"['Score: 6.821 (scored by 1,832 users)']"
403,"['Genres: Action, Drama']",['Broadcast: Unknown'],"['Licensors: None found, add some']",['Favorites: 1'],['Popularity: #12112'],['Score: 6.821 (scored by 191 users)']
404,"['Genres: Comedy, Slice of Life']",['Broadcast: Unknown'],"['Licensors: None found, add some']",['Favorites: 7'],['Popularity: #3762'],"['Score: 6.821 (scored by 16,694 users)']"
405,[],[],"['Licensors: None found, add some']",['Favorites: 3'],['Popularity: #12092'],['Score: 6.821 (scored by 577 users)']
406,"['Genres: Adventure, Comedy, Romance']",['Broadcast: Thursdays at 18:00 (JST)'],"['Licensors: Media Blasters, NYAV Post']",['Favorites: 16'],['Popularity: #7072'],"['Score: 6.821 (scored by 1,564 users)']"
407,"['Genres: Action, Fantasy, Romance, Ecchi']",['Broadcast: Saturdays at 01:40 (JST)'],"['Licensors: Funimation, Crunchyroll']",['Favorites: 555'],['Popularity: #542'],"['Score: 6.821 (scored by 208,383 users)']"
408,"['Genres: Action, Fantasy, Sci-Fi']",[],['Licensors: Manga Entertainment'],['Favorites: 38'],['Popularity: #4019'],"['Score: 6.821 (scored by 12,350 users)']"
409,"['Genres: Action, Fantasy, Romance, Ecchi']",['Broadcast: Thursdays at 01:05 (JST)'],['Licensors: Discotek Media'],['Favorites: 466'],['Popularity: #720'],"['Score: 6.821 (scored by 142,312 users)']"
410,"['Genres: Comedy, Romance, Ecchi']",[],"['Licensors: None found, add some']",['Favorites: 5'],['Popularity: #6961'],"['Score: 6.821 (scored by 2,398 users)']"
411,[],['Broadcast: Unknown'],"['Licensors: None found, add some']",['Favorites: 7'],['Popularity: #6965'],"['Score: 6.811 (scored by 2,077 users)']"
412,"['Genres: Adventure, Comedy, Drama']",['Broadcast: Unknown'],['Licensors: Saban Entertainment'],['Favorites: 18'],['Popularity: #9161'],"['Score: 6.811 (scored by 1,638 users)']"
413,"['Genres: Action, Comedy']",[],"['Licensors: None found, add some']",['Favorites: 4'],['Popularity: #5297'],"['Score: 6.811 (scored by 6,543 users)']"
414,"['Genres: Adventure, Comedy']",['Broadcast: Unknown'],"['Licensors: None found, add some']",['Favorites: 3'],['Popularity: #11629'],['Score: 6.811 (scored by 399 users)']
415,"['Genres: Adventure, Comedy, Mystery']",['Broadcast: Saturdays at 18:10 (JST)'],"['Licensors: None found, add some']",['Favorites: 5'],['Popularity: #10673'],['Score: 6.811 (scored by 650 users)']
416,"['Genres: Comedy, Fantasy, Romance']",['Broadcast: Unknown'],['Licensors: Sentai Filmworks'],['Favorites: 116'],['Popularity: #3356'],"['Score: 6.811 (scored by 14,738 users)']"
417,"['Genres: Action, Comedy, Fantasy']",[],"['Licensors: None found, add some']",['Favorites: 16'],['Popularity: #3765'],"['Score: 6.811 (scored by 13,924 users)']"
418,"['Genres: Comedy, Fantasy']",[],"['Licensors: 4Kids Entertainment, Warner Bros. Pictures']",['Favorites: 16'],['Popularity: #3484'],"['Score: 6.811 (scored by 20,101 users)']"
419,[],[],['Licensors: Sentai Filmworks'],['Favorites: 39'],['Popularity: #2114'],"['Score: 6.811 (scored by 45,532 users)']"
420,"['Genres: Adventure, Comedy, Fantasy']",[],"['Licensors: None found, add some']",['Favorites: 55'],['Popularity: #4669'],"['Score: 6.811 (scored by 4,582 users)']"
421,[],[],"['Licensors: None found, add some']",['Favorites: 49'],['Popularity: #6622'],"['Score: 6.811 (scored by 2,229 users)']"
422,[],[],"['Licensors: None found, add some']",['Favorites: 32'],['Popularity: #6842'],['Score: 6.811 (scored by 992 users)']
423,"['Genres: Action, Adventure, Fantasy']",['Broadcast: Saturdays at 00:30 (JST)'],['Licensors: Sentai Filmworks'],['Favorites: 641'],['Popularity: #1467'],"['Score: 6.811 (scored by 46,582 users)']"
424,[],[],"['Licensors: None found, add some']",['Favorites: 6'],['Popularity: #6905'],"['Score: 6.811 (scored by 2,984 users)']"
425,"['Genres: Action, Sci-Fi']",['Broadcast: Fridays at 22:00 (JST)'],['Licensors: Funimation'],['Favorites: 811'],['Popularity: #911'],"['Score: 6.811 (scored by 93,411 users)']"
426,[],[],"['Licensors: None found, add some']",['Favorites: 2'],['Popularity: #8893'],"['Score: 6.811 (scored by 1,339 users)']"
427,"['Genres: Drama, Fantasy']",['Broadcast: Saturdays at 00:30 (JST)'],"['Licensors: None found, add some']",['Favorites: 604'],['Popularity: #1430'],"['Score: 6.811 (scored by 65,041 users)']"
428,[],[],['Licensors: Funimation'],['Favorites: 10'],['Popularity: #5998'],"['Score: 6.811 (scored by 2,929 users)']"
429,"['Genres: Drama, Sports']",[],"['Licensors: None found, add some']",['Favorites: 5'],['Popularity: #10053'],['Score: 6.811 (scored by 733 users)']
430,"['Genres: Adventure, Romance']",['Broadcast: Saturdays at 19:30 (JST)'],"['Licensors: None found, add some']",['Favorites: 10'],['Popularity: #7830'],"['Score: 6.811 (scored by 2,658 users)']"
431,[],[],"['Licensors: None found, add some']",['Favorites: 21'],['Popularity: #6223'],"['Score: 6.811 (scored by 2,955 users)']"
432,"['Genres: Action, Drama']",['Broadcast: Fridays at 00:45 (JST)'],['Licensors: Discotek Media'],"['Favorites: 2,163']",['Popularity: #615'],"['Score: 6.811 (scored by 171,209 users)']"
433,[],[],"['Licensors: None found, add some']",['Favorites: 4'],['Popularity: #11394'],['Score: 6.811 (scored by 603 users)']
434,[],[],"['Licensors: None found, add some']",['Favorites: 2'],['Popularity: #7815'],"['Score: 6.811 (scored by 2,378 users)']"
435,[],['Broadcast: Saturdays at 01:55 (JST)'],"['Licensors: None found, add some']",['Favorites: 145'],['Popularity: #4138'],"['Score: 6.811 (scored by 6,713 users)']"
436,"['Genres: Action, Romance, Sci-Fi']",[],['Licensors: Funimation'],['Favorites: 3'],['Popularity: #6075'],"['Score: 6.811 (scored by 4,198 users)']"
437,"['Genres: Comedy, Drama, Romance, Ecchi']",[],"['Licensors: None found, add some']",['Favorites: 179'],['Popularity: #1757'],"['Score: 6.811 (scored by 56,583 users)']"
438,"['Genres: Action, Comedy, Fantasy']",['Broadcast: Thursdays at 23:00 (JST)'],['Licensors: Ponycan USA'],['Favorites: 135'],['Popularity: #2183'],"['Score: 6.811 (scored by 27,365 users)']"
439,"['Genres: Action, Drama, Romance, Sci-Fi, Ecchi']",['Broadcast: Saturdays at 09:30 (JST)'],['Licensors: Funimation'],"['Favorites: 1,116']",['Popularity: #683'],"['Score: 6.811 (scored by 167,794 users)']"
440,[],[],['Licensors: Central Park Media'],['Favorites: 45'],['Popularity: #4703'],"['Score: 6.811 (scored by 9,222 users)']"
441,[],[],"['Licensors: None found, add some']",['Favorites: 4'],['Popularity: #11311'],['Score: 6.811 (scored by 860 users)']
442,"['Genres: Action, Sci-Fi']",['Broadcast: Thursdays at 18:00 (JST)'],"['Licensors: None found, add some']",['Favorites: 76'],['Popularity: #3253'],"['Score: 6.811 (scored by 15,439 users)']"
443,"['Genres: Action, Sci-Fi']",['Broadcast: Saturdays at 00:00 (JST)'],['Licensors: Aniplex of America'],['Favorites: 658'],['Popularity: #2658'],"['Score: 6.811 (scored by 18,099 users)']"
444,[],[],['Licensors: Sentai Filmworks'],['Favorites: 8'],['Popularity: #4410'],"['Score: 6.811 (scored by 8,582 users)']"
445,[],[],"['Licensors: None found, add some']",['Favorites: 2'],['Popularity: #13755'],['Score: 6.811 (scored by 305 users)']
446,"['Genres: Action, Sci-Fi, Slice of Life']",['Broadcast: Fridays at 00:30 (JST)'],"['Licensors: None found, add some']",['Favorites: 202'],['Popularity: #2845'],"['Score: 6.791 (scored by 1,774 users)']"
447,[],[],"['Licensors: None found, add some']",['Favorites: 4'],['Popularity: #14645'],['Score: 6.811 (scored by 274 users)']
448,"['Genres: Drama, Girls Love, Romance, Supernatural']",['Broadcast: Saturdays at 00:30 (JST)'],"['Licensors: Sentai Filmworks, Geneon Entertainment USA']",['Favorites: 700'],['Popularity: #2381'],"['Score: 6.811 (scored by 29,392 users)']"
449,[],[],"['Licensors: None found, add some']",['Favorites: 1'],['Popularity: #13006'],['Score: 6.811 (scored by 481 users)']
450,"['Genres: Action, Adventure, Comedy, Sci-Fi']",[],"['Licensors: None found, add some']",['Favorites: 5'],['Popularity: #10679'],['Score: 6.811 (scored by 617 users)']
451,"['Genres: Adventure, Romance, Sci-Fi']",['Broadcast: Unknown'],['Licensors: Sentai Filmworks'],['Favorites: 32'],['Popularity: #4573'],"['Score: 6.811 (scored by 7,104 users)']"
452,"['Genres: Comedy, Romance, Sci-Fi']",[],['Licensors: ADV Films'],['Favorites: 1'],['Popularity: #8709'],"['Score: 6.811 (scored by 1,554 users)']"
453,"['Genres: Drama, Fantasy, Mystery, Romance, Supernatural']",[],"['Licensors: Funimation, Geneon Entertainment USA']",['Favorites: 5'],['Popularity: #5372'],"['Score: 6.801 (scored by 5,981 users)']"
454,"['Genres: Action, Comedy, Supernatural']",['Broadcast: Fridays at 01:29 (JST)'],['Licensors: Sentai Filmworks'],['Favorites: 233'],['Popularity: #1382'],"['Score: 6.801 (scored by 34,844 users)']"
455,"['Genres: Action, Adventure, Comedy, Supernatural']",[],"['Licensors: Funimation, Media Blasters']",['Favorites: 71'],['Popularity: #3694'],"['Score: 6.801 (scored by 14,414 users)']"
456,"['Genres: Action, Adventure, Fantasy']",[],"['Licensors: None found, add some']",['Favorites: 27'],['Popularity: #6535'],"['Score: 6.801 (scored by 2,201 users)']"
457,"['Genres: Comedy, Drama, Slice of Life']",['Broadcast: Sundays at 19:00 (JST)'],"['Licensors: None found, add some']",['Favorites: 18'],['Popularity: #7554'],"['Score: 6.801 (scored by 3,249 users)']"
458,"['Genres: Comedy, Drama, Fantasy']",[],"['Licensors: None found, add some']",['Favorites: 9'],['Popularity: #5958'],"['Score: 6.801 (scored by 3,447 users)']"
459,"['Genres: Drama, Romance']",['Broadcast: Tuesdays at 02:00 (JST)'],"['Licensors: None found, add some']",['Favorites: 65'],['Popularity: #3176'],"['Score: 6.801 (scored by 17,895 users)']"
460,"['Genres: Action, Adventure, Comedy, Mystery']",[],['Licensors: Discotek Media'],['Favorites: 3'],['Popularity: #6520'],"['Score: 6.801 (scored by 3,585 users)']"
461,[],[],"['Licensors: None found, add some']",['Favorites: 6'],['Popularity: #6901'],"['Score: 6.801 (scored by 2,769 users)']"
462,"['Genres: Comedy, Mystery']",['Broadcast: Tuesdays at 01:05 (JST)'],"['Licensors: None found, add some']",['Favorites: 31'],['Popularity: #6385'],"['Score: 6.811 (scored by 2,481 users)']"
463,"['Genres: Action, Adventure, Comedy, Fantasy']",['Broadcast: Saturdays at 07:30 (JST)'],"['Licensors: ADV Films, Discotek Media']",['Favorites: 96'],['Popularity: #3092'],"['Score: 6.801 (scored by 22,350 users)']"
464,"['Genres: Action, Comedy, Fantasy, Ecchi']",[],['Licensors: Funimation'],['Favorites: 42'],['Popularity: #2638'],"['Score: 6.801 (scored by 26,433 users)']"
465,[],[],"['Licensors: None found, add some']",['Favorites: 45'],['Popularity: #3753'],"['Score: 6.801 (scored by 10,304 users)']"
466,"['Genres: Comedy, Romance']",[],"['Licensors: None found, add some']",['Favorites: 28'],['Popularity: #4827'],"['Score: 6.801 (scored by 6,435 users)']"
467,"['Genres: Drama, Romance']",[],"['Licensors: None found, add some']",['Favorites: 29'],['Popularity: #4777'],"['Score: 6.801 (scored by 6,419 users)']"
468,"['Genres: Adventure, Fantasy']",['Broadcast: Sundays at 19:30 (JST)'],['Licensors: Saban Entertainment'],['Favorites: 10'],['Popularity: #8175'],"['Score: 6.801 (scored by 1,917 users)']"
469,"['Genres: Comedy, Slice of Life, Supernatural']",['Broadcast: Saturdays at 01:53 (JST)'],"['Licensors: None found, add some']",['Favorites: 39'],['Popularity: #4389'],"['Score: 6.801 (scored by 9,733 users)']"
470,"['Genres: Action, Mystery']",['Broadcast: Thursdays at 21:00 (JST)'],"['Licensors: None found, add some']",['Favorites: 154'],['Popularity: #2884'],"['Score: 6.781 (scored by 6,313 users)']"
471,"['Genres: Action, Adventure, Sci-Fi']",['Broadcast: Unknown'],"['Licensors: None found, add some']",['Favorites: 5'],['Popularity: #7209'],"['Score: 6.801 (scored by 2,051 users)']"
472,"['Genres: Action, Adventure, Mystery']",[],"['Licensors: None found, add some']",['Favorites: 28'],['Popularity: #10063'],['Score: 6.811 (scored by 582 users)']
473,"['Genres: Comedy, Fantasy, Ecchi']",['Broadcast: Unknown'],['Licensors: Sentai Filmworks'],['Favorites: 42'],['Popularity: #3638'],"['Score: 6.801 (scored by 11,966 users)']"
474,"['Genres: Drama, Fantasy, Romance']",['Broadcast: Unknown'],['Licensors: Sentai Filmworks'],['Favorites: 42'],['Popularity: #3643'],"['Score: 6.801 (scored by 10,384 users)']"
475,"['Genres: Comedy, Ecchi']",[],['Licensors: Funimation'],['Favorites: 30'],['Popularity: #3549'],"['Score: 6.801 (scored by 13,200 users)']"
476,"['Genres: Comedy, Sci-Fi']",[],"['Licensors: None found, add some']",['Favorites: 1'],['Popularity: #8754'],"['Score: 6.801 (scored by 1,529 users)']"
477,"['Genres: Action, Sci-Fi']",['Broadcast: Unknown'],"['Licensors: Bandai Entertainment, Media Blasters, Bandai Visual USA']",['Favorites: 14'],['Popularity: #6568'],"['Score: 6.801 (scored by 2,875 users)']"
478,[],[],"['Licensors: None found, add some']",['Favorites: 6'],['Popularity: #13188'],['Score: 6.801 (scored by 305 users)']
479,[],[],"['Licensors: None found, add some']",['Favorites: 21'],['Popularity: #3582'],"['Score: 6.801 (scored by 14,128 users)']"
480,"['Genres: Action, Fantasy']",['Broadcast: Fridays at 21:30 (JST)'],['Licensors: Funimation'],['Favorites: 235'],['Popularity: #2221'],"['Score: 6.801 (scored by 23,078 users)']"
481,"['Genres: Action, Drama, Romance, Sci-Fi']",['Broadcast: Not scheduled once per week'],"['Licensors: None found, add some']",['Favorites: 66'],['Popularity: #3438'],"['Score: 6.801 (scored by 15,337 users)']"
482,[],[],"['Licensors: None found, add some']",['Favorites: 45'],['Popularity: #3519'],"['Score: 6.801 (scored by 12,920 users)']"
483,[],[],['Licensors: Sentai Filmworks'],['Favorites: 30'],['Popularity: #2932'],"['Score: 6.801 (scored by 23,066 users)']"
484,"['Genres: Action, Sci-Fi']",['Broadcast: Unknown'],"['Licensors: None found, add some']",['Favorites: 35'],['Popularity: #6100'],"['Score: 6.801 (scored by 5,116 users)']"
485,"['Genres: Drama, Horror, Romance, Supernatural']",[],"['Licensors: Sentai Filmworks, Geneon Entertainment USA']",['Favorites: 382'],['Popularity: #2373'],"['Score: 6.801 (scored by 27,837 users)']"
486,"['Genres: Comedy, Sci-Fi']",[],"['Licensors: None found, add some']",['Favorites: 3'],['Popularity: #8761'],"['Score: 6.801 (scored by 1,728 users)']"
487,"['Genres: Adventure, Comedy, Fantasy']",['Broadcast: Thursdays at 01:15 (JST)'],"['Licensors: Nozomi Entertainment, Geneon Entertainment USA']",['Favorites: 8'],['Popularity: #5636'],"['Score: 6.801 (scored by 4,854 users)']"
488,"['Genres: Comedy, Sci-Fi']",[],"['Licensors: Nozomi Entertainment, Bandai Entertainment']",['Favorites: 1'],['Popularity: #9960'],['Score: 6.801 (scored by 961 users)']
489,"['Genres: Drama, Girls Love, Horror']",['Broadcast: Saturdays at 01:55 (JST)'],"['Licensors: None found, add some']","['Favorites: 2,556']",['Popularity: #780'],"['Score: 6.801 (scored by 125,962 users)']"
490,[],[],"['Licensors: None found, add some']",['Favorites: 69'],['Popularity: #4408'],"['Score: 6.801 (scored by 7,687 users)']"
491,[],[],"['Licensors: None found, add some']",['Favorites: 12'],['Popularity: #6485'],"['Score: 6.801 (scored by 3,635 users)']"
492,"['Genres: Action, Comedy, Romance']",['Broadcast: Unknown'],['Licensors: Funimation'],['Favorites: 884'],['Popularity: #574'],"['Score: 6.801 (scored by 189,569 users)']"
493,"['Genres: Comedy, Slice of Life']",[],"['Licensors: None found, add some']",['Favorites: 6'],['Popularity: #6705'],"['Score: 6.801 (scored by 2,223 users)']"
494,"['Genres: Action, Comedy, Ecchi']",[],"['Licensors: None found, add some']",['Favorites: 3'],['Popularity: #6142'],"['Score: 6.801 (scored by 4,678 users)']"
495,"['Genres: Action, Adventure']",['Broadcast: Tuesdays at 18:30 (JST)'],['Licensors: Bandai Entertainment'],['Favorites: 3'],['Popularity: #10639'],['Score: 6.801 (scored by 465 users)']
496,[],['Broadcast: Saturdays at 23:00 (JST)'],['Licensors: Aniplex of America'],['Favorites: 227'],['Popularity: #3059'],"['Score: 6.791 (scored by 15,574 users)']"
497,"['Genres: Adventure, Comedy, Sci-Fi']",['Broadcast: Tuesdays at 02:12 (JST)'],['Licensors: Funimation'],['Favorites: 230'],['Popularity: #2377'],"['Score: 6.791 (scored by 30,671 users)']"
498,"['Genres: Action, Horror, Supernatural']",[],"['Licensors: None found, add some']",['Favorites: 13'],['Popularity: #5866'],"['Score: 6.791 (scored by 2,463 users)']"
499,"['Genres: Action, Sci-Fi, Sports']",['Broadcast: Wednesdays at 00:56 (JST)'],"['Licensors: None found, add some']",['Favorites: 4'],['Popularity: #6267'],"['Score: 6.791 (scored by 3,927 users)']"
